player1,player2,winner,date,tournament,t_round,p1odds,p2odds,p1spw,p2spw,p1_spwcount,p2_spwcount
Kevin Anderson,Fernando Verdasco,Kevin Anderson,Jan 14 2013,Australian Open Slam,Round of 32,$1.812,$2.167,0.04,-0.36,21,20
Jeremy Chardy,Andreas Seppi,Jeremy Chardy,Jan 14 2013,Australian Open Slam,Round of 16,$2.590,$1.585,0.38,-2.02,9,17
Marin Cilic,Andreas Seppi,Andreas Seppi,Jan 14 2013,Australian Open Slam,Round of 32,$1.437,$3.114,0.13,-0.16,13,16
Roger Federer,Jo-Wilfried Tsonga,Roger Federer,Jan 14 2013,Australian Open Slam,Quarter Final,$1.200,$5.448,0.49,0.16,21,21
Roger Federer,Milos Raonic,Roger Federer,Jan 14 2013,Australian Open Slam,Round of 16,$1.139,$7.186,3.32,-1.39,28,14
Richard Gasquet,Jo-Wilfried Tsonga,Jo-Wilfried Tsonga,Jan 14 2013,Australian Open Slam,Round of 16,$2.837,$1.515,-0.7,0.68,17,18
Richard Gasquet,Gael Monfils,Richard Gasquet,Feb 4 2013,Montpellier,R16,$1.630,$2.472,1.04,-0.24,30,20
Mikhail Youzhny,Marin Cilic,Marin Cilic,Feb 4 2013,Zagreb,S,$2.528,$1.609,-0.42,1.47,15,15
Juan Martin Del Potro,Grigor Dimitrov,Juan Martin Del Potro,Feb 11 2013,Rotterdam,S,$1.248,$4.632,0.24,0.28,7,21
Juan Martin Del Potro,Gael Monfils,Juan Martin Del Potro,Feb 11 2013,Rotterdam,R32,$1.263,$2.593,0.42,0.17,10,1
Juan Martin Del Potro,Gael Monfils,Juan Martin Del Potro,Feb 11 2013,Rotterdam,R32,$1.263,$4.446,0.42,-0.44,10,16
Juan Martin del Potro,Jeremy Chardy,Jeremy Chardy,Feb 11 2013,Australian Open Slam,Round of 32,$1.045,$16.225,-0.52,-0.41,11,13
Tommy Haas,Milos Raonic,Milos Raonic,Feb 11 2013,San Jose,F,$2.710,$1.543,-1.31,2.04,21,15
Tommy Haas,John Isner,Tommy Haas,Feb 11 2013,San Jose,S,$1.773,$2.207,1.15,-0.32,21,13
Marin Cilic,Kei Nishikori,Kei Nishikori,Feb 18 2013,Memphis,Q,$1.799,$2.169,-0.4,3.18,7,18
Stan Wawrinka,Nicolas Almagro,Stan Wawrinka,Feb 18 2013,Buenos Aires,S,$2.236,$1.755,2.52,-0.31,24,13
Tommy Robredo,Nicolas Almagro,Nicolas Almagro,Feb 25 2013,Acapulco,R16,$6.453,$1.160,-1.36,2.04,19,24
Kevin Anderson,John Isner,John Isner,Mar 6 2013,Delray Beach,Q,$1.948,$1.985,-1.76,2.26,15,26
Novak Djokovic,Juan Martin Del Potro,Juan Martin Del Potro,Mar 6 2013,ATP World Tour Masters 1000 Indian Wells,S,$1.183,$5.821,1.27,-0.17,26,5
Ernests Gulbis,Andreas Seppi,Ernests Gulbis,Mar 6 2013,ATP World Tour Masters 1000 Indian Wells,R32,$1.482,$2.924,1.39,-1.11,33,25
Tommy Haas,Juan Martin Del Potro,Juan Martin Del Potro,Mar 6 2013,ATP World Tour Masters 1000 Indian Wells,R16,$4.328,$1.272,-1.02,0.23,19,1
Tommy Haas,Nicolas Almagro,Tommy Haas,Mar 6 2013,ATP World Tour Masters 1000 Indian Wells,R32,$2.428,$1.653,1.4,0.43,29,16
Lleyton Hewitt,John Isner,Lleyton Hewitt,Mar 6 2013,ATP World Tour Masters 1000 Indian Wells,R64,$2.933,$1.479,1.46,0.73,20,17
Milos Raonic,Jo-Wilfried Tsonga,Jo-Wilfried Tsonga,Mar 6 2013,ATP World Tour Masters 1000 Indian Wells,R16,$2.197,$1.780,0.93,-0.04,11,16
Milos Raonic,Marin Cilic,Milos Raonic,Mar 6 2013,ATP World Tour Masters 1000 Indian Wells,R32,$1.852,$2.096,0.53,-0.07,19,20
Stan Wawrinka,Roger Federer,Roger Federer,Mar 6 2013,ATP World Tour Masters 1000 Indian Wells,R16,$4.432,$1.264,0.25,0.47,16,10
Stan Wawrinka,Lleyton Hewitt,Stan Wawrinka,Mar 6 2013,ATP World Tour Masters 1000 Indian Wells,R32,$1.306,$3.984,2.31,-0.17,27,10
Tomas Berdych,Kevin Anderson,Tomas Berdych,Mar 18 2013,ATP World Tour Masters 1000 Indian Wells,Q,$1.229,$4.915,2.38,-0.77,32,18
Marin Cilic,Jo-Wilfried Tsonga,Marin Cilic,Mar 18 2013,ATP World Tour Masters 1000 Miami,R16,$2.791,$1.518,1.71,-0.19,16,5
Marin Cilic,John Isner,Marin Cilic,Mar 18 2013,ATP World Tour Masters 1000 Miami,R32,$1.598,$2.557,1.69,-1.04,23,15
Richard Gasquet,Nicolas Almagro,Richard Gasquet,Mar 18 2013,ATP World Tour Masters 1000 Miami,R16,$1.845,$2.106,1.38,0.2,23,12
Richard Gasquet,Mikhail Youzhny,Richard Gasquet,Mar 18 2013,ATP World Tour Masters 1000 Miami,R32,$1.272,$4.328,2.7,-1.34,19,19
Tommy Haas,David Ferrer,David Ferrer,Mar 18 2013,ATP World Tour Masters 1000 Miami,S,$2.881,$1.493,0.05,3.8,21,37
Kei Nishikori,David Ferrer,David Ferrer,Mar 18 2013,ATP World Tour Masters 1000 Miami,R16,$3.668,$1.592,-1.15,0.2,12,4
Nicolas Almagro,John Isner,John Isner,Apr 8 2013,Houston,F,$1.279,$4.247,0.03,0.71,9,17
Nicolas Almagro,Gael Monfils,Nicolas Almagro,Apr 8 2013,Houston,R16,$1.228,$4.940,0.96,-0.62,16,18
Tommy Robredo,Kevin Anderson,Tommy Robredo,Apr 8 2013,Casablanca,F,$2.226,$1.761,0.4,0.08,17,9
Tommy Robredo,Stan Wawrinka,Tommy Robredo,Apr 8 2013,Casablanca,S,$4.328,$1.272,1.08,0.82,22,21
Tomas Berdych,Richard Gasquet,Richard Gasquet,Apr 15 2013,ATP World Tour Masters 1000 Miami,Q,$1.446,$3.071,-0.28,0.85,17,26
Marin Cilic,Kevin Anderson,Marin Cilic,Apr 15 2013,ATP World Tour Masters 1000 Monte Carlo,R32,$1.369,$3.487,1.61,-1.07,17,11
Novak Djokovic,Mikhail Youzhny,Novak Djokovic,Apr 15 2013,ATP World Tour Masters 1000 Monte Carlo,R32,$1.089,$10.139,4.38,-1.75,23,12
Richard Gasquet,Marin Cilic,Richard Gasquet,Apr 15 2013,ATP World Tour Masters 1000 Monte Carlo,R16,$1.680,$2.370,0.91,0.07,24,9
John Isner,Ernests Gulbis,Ernests Gulbis,Apr 15 2013,ATP World Tour Masters 1000 Monte Carlo,R64,$3.026,$1.456,-0.86,2.02,14,21
Stan Wawrinka,Jo-Wilfried Tsonga,Jo-Wilfried Tsonga,Apr 15 2013,ATP World Tour Masters 1000 Monte Carlo,Q,$1.830,$2.125,3.02,-0.31,31,7
Rafael Nadal,Nicolas Almagro,Rafael Nadal,Apr 22 2013,Barcelona,F,$1.116,$8.289,3.51,-0.06,33,3
Milos Raonic,Ernests Gulbis,Milos Raonic,Apr 22 2013,Barcelona,R16,$1.568,$2.638,0.38,-0.8,8,22
Tommy Robredo,Milos Raonic,Milos Raonic,Apr 22 2013,Barcelona,Q,$3.075,$1.445,-1.3,0.95,15,14
Tommy Robredo,Tomas Berdych,Tommy Robredo,Apr 22 2013,Barcelona,R16,$2.975,$1.469,0.34,-0.15,26,15
Tommy Robredo,Grigor Dimitrov,Tommy Robredo,Apr 22 2013,Barcelona,R32,$2.523,$1.611,1.61,-0.27,18,13
Fernando Verdasco,Ernests Gulbis,Ernests Gulbis,Apr 22 2013,Barcelona,R32,$2.850,$1.400,-0.27,1.52,19,21
David Ferrer,Andreas Seppi,David Ferrer,Apr 29 2013,Oeiras,S,$1.219,$5.094,4.24,-1.64,24,10
Tommy Haas,Ernests Gulbis,Tommy Haas,Apr 29 2013,Munich,R16,$2.139,$1.820,0.91,-0.46,27,15
Tommy Robredo,Andreas Seppi,Andreas Seppi,Apr 29 2013,Oeiras,Q,$1.755,$2.236,-0.73,1.16,9,23
Tomas Berdych,Kevin Anderson,Tomas Berdych,May 5 2013,ATP World Tour Masters 1000 Madrid,R16,$1.366,$3.510,1.41,-0.18,23,9
Novak Djokovic,Grigor Dimitrov,Grigor Dimitrov,May 5 2013,ATP World Tour Masters 1000 Madrid,R32,$1.072,$11.919,1.26,-0.64,25,17
Roger Federer,Kei Nishikori,Kei Nishikori,May 5 2013,ATP World Tour Masters 1000 Madrid,R16,$1.265,$4.415,1.78,0.07,18,9
Tommy Haas,David Ferrer,David Ferrer,May 5 2013,ATP World Tour Masters 1000 Madrid,R16,$3.284,$1.404,0.96,2.6,22,19
Tommy Haas,Andreas Seppi,Tommy Haas,May 5 2013,ATP World Tour Masters 1000 Madrid,R64,$1.594,$2.566,1.76,-1.34,17,12
Rafael Nadal,David Ferrer,Rafael Nadal,May 5 2013,ATP World Tour Masters 1000 Madrid,Q,$1.124,$7.855,1.82,0.58,16,12
Rafael Nadal,Mikhail Youzhny,Rafael Nadal,May 5 2013,ATP World Tour Masters 1000 Madrid,R16,$1.021,$26.377,5.16,-1.55,21,11
Milos Raonic,Fernando Verdasco,Fernando Verdasco,May 5 2013,ATP World Tour Masters 1000 Madrid,R32,$1.388,$3.375,0.92,-0.28,12,18
Tommy Robredo,Tommy Haas,Tommy Haas,May 5 2013,ATP World Tour Masters 1000 Madrid,R32,$2.547,$1.602,-0.64,0.31,8,20
Jo-Wilfried Tsonga,Fernando Verdasco,Jo-Wilfried Tsonga,May 5 2013,ATP World Tour Masters 1000 Madrid,R16,$1.389,$3.364,0.53,-0.54,10,21
Stan Wawrinka,Jo-Wilfried Tsonga,Stan Wawrinka,May 5 2013,ATP World Tour Masters 1000 Madrid,Q,$1.653,$2.428,2.32,-0.12,23,5
Stan Wawrinka,Grigor Dimitrov,Stan Wawrinka,May 5 2013,ATP World Tour Masters 1000 Madrid,R16,$1.503,$2.842,1.94,-0.22,23,13
Nicolas Almagro,Mikhail Youzhny,Mikhail Youzhny,May 12 2013,ATP World Tour Masters 1000 Madrid,R32,$1.238,$4.779,0.64,-0.13,7,19
Marin Cilic,Kevin Anderson,Kevin Anderson,May 12 2013,ATP World Tour Masters 1000 Rome,R32,$1.528,$2.757,-0.38,-0.39,16,9
Richard Gasquet,Grigor Dimitrov,Richard Gasquet,May 12 2013,ATP World Tour Masters 1000 Rome,R32,$1.860,$2.086,0.63,-0.1,15,12
Tommy Haas,Mikhail Youzhny,Mikhail Youzhny,May 12 2013,ATP World Tour Masters 1000 Rome,R64,$1.444,$3.084,-1.14,1.32,17,20
Rafael Nadal,David Ferrer,Rafael Nadal,May 12 2013,ATP World Tour Masters 1000 Rome,Q,$1.158,$6.520,1.54,0.61,14,9
Rafael Nadal,Ernests Gulbis,Rafael Nadal,May 12 2013,ATP World Tour Masters 1000 Rome,R16,$1.073,$11.748,1.52,-0.45,20,6
Kei Nishikori,Jeremy Chardy,Jeremy Chardy,May 12 2013,ATP World Tour Masters 1000 Rome,R32,$1.462,$3.003,-0.59,1.7,10,12
Fernando Verdasco,David Ferrer,David Ferrer,May 12 2013,ATP World Tour Masters 1000 Rome,R32,$5.624,$1.192,0.32,0.43,10,26
Tomas Berdych,Novak Djokovic,Tomas Berdych,May 19 2013,ATP World Tour Masters 1000 Rome,Q,$5.701,$1.188,-0.7,1.24,9,24
Tomas Berdych,Kevin Anderson,Tomas Berdych,May 19 2013,ATP World Tour Masters 1000 Rome,R16,$1.325,$3.814,2.06,-0.97,27,6
Tomas Berdych,Stan Wawrinka,Stan Wawrinka,May 19 2013,ATP World Tour Masters 1000 Madrid,S,$1.939,$1.995,1.07,-0.69,24,13
Nicolas Almagro,Andreas Seppi,Nicolas Almagro,May 27 2013,French Open Slam,Round of 32,$1.219,$5.085,0.19,-0.93,2,10
Novak Djokovic,Grigor Dimitrov,Novak Djokovic,May 27 2013,French Open Slam,Round of 32,$1.093,$9.817,3.21,-0.73,26,7
Tommy Haas,Mikhail Youzhny,Tommy Haas,May 27 2013,French Open Slam,Round of 16,$1.823,$2.135,1.44,-0.95,13,14
Tommy Haas,John Isner,Tommy Haas,May 27 2013,French Open Slam,Round of 32,$1.373,$3.467,0.75,-0.28,23,9
Gael Monfils,Ernests Gulbis,Gael Monfils,May 27 2013,French Open Slam,Round of 64,$2.269,$1.735,-0.28,1.18,10,26
Rafael Nadal,Novak Djokovic,Rafael Nadal,May 27 2013,French Open Slam,Semi Final,$1.588,$2.582,1.48,0.74,21,17
Rafael Nadal,Kei Nishikori,Rafael Nadal,May 27 2013,French Open Slam,Round of 16,$1.041,$17.789,1.64,-0.42,23,4
Milos Raonic,Kevin Anderson,Kevin Anderson,May 27 2013,French Open Slam,Round of 32,$1.698,$2.337,-0.53,0.17,9,5
Tommy Robredo,Nicolas Almagro,Tommy Robredo,May 27 2013,French Open Slam,Round of 16,$5.047,$1.221,0.88,0.15,15,3
Tommy Robredo,Gael Monfils,Tommy Robredo,May 27 2013,French Open Slam,Round of 32,$2.809,$1.513,0.23,0.05,22,11
Jo-Wilfried Tsonga,David Ferrer,David Ferrer,May 27 2013,French Open Slam,Semi Final,$2.367,$1.682,-0.11,2.81,2,26
Jo-Wilfried Tsonga,Jeremy Chardy,Jo-Wilfried Tsonga,May 27 2013,French Open Slam,Round of 32,$1.276,$4.290,0.83,-0.08,5,3
Stan Wawrinka,Rafael Nadal,Rafael Nadal,May 27 2013,French Open Slam,Quarter Final,$12.872,$1.065,-0.29,4.07,6,20
Stan Wawrinka,Richard Gasquet,Stan Wawrinka,May 27 2013,French Open Slam,Round of 16,$1.830,$2.125,1.81,-0.89,18,10
Kevin Anderson,David Ferrer,David Ferrer,Jun 10 2013,French Open Slam,Round of 16,$6.153,$1.170,-0.61,3.38,3,21
Tomas Berdych,Gael Monfils,Gael Monfils,Jun 10 2013,French Open Slam,Round of 128,$1.252,$4.580,2.1,1.07,26,14
Marin Cilic,Lleyton Hewitt,Marin Cilic,Jun 10 2013,London / Queen's Club,S,$1.713,$2.308,0.76,-0.38,7,9
Roger Federer,Mikhail Youzhny,Roger Federer,Jun 10 2013,Halle,F,$1.153,$6.678,1.18,-0.12,10,9
Richard Gasquet,Mikhail Youzhny,Mikhail Youzhny,Jun 10 2013,Halle,S,$1.559,$2.662,-0.65,1.38,11,15
Tommy Haas,Roger Federer,Roger Federer,Jun 10 2013,Halle,S,$3.501,$1.367,0.9,1.29,19,11
Tommy Haas,Gael Monfils,Tommy Haas,Jun 10 2013,Halle,Q,$1.426,$3.166,0.96,0.13,12,10
Tommy Haas,Ernests Gulbis,Tommy Haas,Jun 10 2013,Halle,R16,$1.498,$2.860,1.06,-0.8,13,18
Lleyton Hewitt,Juan Martin Del Potro,Lleyton Hewitt,Jun 10 2013,London / Queen's Club,Q,$3.141,$1.431,1.21,0,17,0
Lleyton Hewitt,Grigor Dimitrov,Lleyton Hewitt,Jun 10 2013,London / Queen's Club,R32,$2.912,$1.484,1.3,-0.5,19,4
Milos Raonic,Gael Monfils,Gael Monfils,Jun 10 2013,Halle,R32,$1.510,$2.730,-0.39,0.93,8,12
Mikhail Youzhny,Kei Nishikori,Mikhail Youzhny,Jun 10 2013,Halle,R16,$2.350,$1.691,-0.47,0.02,12,8
Stan Wawrinka,Jeremy Chardy,Stan Wawrinka,Jun 16 2013,s-Hertogenbosch,Q,$1.439,$3.106,0.8,-0.16,9,2
Tomas Berdych,Kevin Anderson,Tomas Berdych,Jun 24 2013,Wimbledon Slam,Round of 32,$1.208,$5.287,0.52,-1.09,17,35
Tomas Berdych,Marin Cilic,Marin Cilic,Jun 24 2013,London / Queen's Club,Q,$1.396,$3.326,2.09,-0.39,25,14
Juan Martin del Potro,David Ferrer,Juan Martin del Potro,Jun 24 2013,Wimbledon Slam,Quarter Final,$2.135,$1.823,2.02,0.32,27,19
Juan Martin del Potro,Andreas Seppi,Juan Martin del Potro,Jun 24 2013,Wimbledon Slam,Round of 16,$1.283,$4.205,3.07,-0.81,32,19
Novak Djokovic,Juan Martin del Potro,Novak Djokovic,Jun 24 2013,Wimbledon Slam,Semi Final,$1.155,$6.625,0.46,-1.26,16,19
Tommy Haas,Novak Djokovic,Novak Djokovic,Jun 24 2013,Wimbledon Slam,Round of 16,$7.120,$1.141,-1.25,2.87,10,19
Kei Nishikori,Andreas Seppi,Andreas Seppi,Jun 24 2013,Wimbledon Slam,Round of 32,$1.373,$3.467,0.24,1.14,5,14
Jo-Wilfried Tsonga,Ernests Gulbis,Ernests Gulbis,Jun 24 2013,Wimbledon Slam,Round of 64,$1.256,$4.533,0,1.02,0,23
Fernando Verdasco,Ernests Gulbis,Fernando Verdasco,Jun 24 2013,Wimbledon Slam,Round of 32,$2.447,$1.644,1.49,-0.67,17,16
Stan Wawrinka,Lleyton Hewitt,Lleyton Hewitt,Jun 24 2013,Wimbledon Slam,Round of 128,$1.676,$2.380,-0.11,1.26,6,13
Tomas Berdych,Novak Djokovic,Novak Djokovic,Jul 8 2013,Wimbledon Slam,Quarter Final,$8.023,$1.121,-0.61,1.97,7,18
Grigor Dimitrov,Fernando Verdasco,Fernando Verdasco,Jul 8 2013,Bastad,S,$2.178,$1.792,0.68,1.13,14,13
Tommy Haas,Ernests Gulbis,Tommy Haas,Jul 8 2013,Stuttgart,R16,$1.669,$2.394,0.34,-0.59,18,15
Lleyton Hewitt,John Isner,Lleyton Hewitt,Jul 8 2013,Newport,S,$2.188,$1.786,0.96,-0.99,13,8
Nicolas Almagro,Fernando Verdasco,Fernando Verdasco,Jul 15 2013,Bastad,Q,$1.724,$2.289,-0.26,0.25,24,15
Lleyton Hewitt,John Isner,John Isner,Jul 22 2013,Atlanta,S,$2.144,$1.816,-0.14,0.47,6,9
Tommy Robredo,Andreas Seppi,Tommy Robredo,Jul 22 2013,Umag,S,$1.592,$2.571,0.85,-0.59,14,18
Kevin Anderson,John Isner,John Isner,Jul 29 2013,Atlanta,F,$1.939,$1.995,-0.85,-0.52,23,12
Juan Martin Del Potro,John Isner,Juan Martin Del Potro,Jul 29 2013,Washington,F,$1.307,$3.974,1.52,-0.6,28,11
Tommy Haas,Grigor Dimitrov,Tommy Haas,Jul 29 2013,Washington,Q,$1.976,$1.958,0.31,0.93,17,16
Kevin Anderson,Juan Martin Del Potro,Juan Martin Del Potro,Aug 5 2013,Washington,Q,$3.902,$1.315,-2,1.67,17,29
Richard Gasquet,Kei Nishikori,Richard Gasquet,Aug 5 2013,ATP World Tour Masters 1000 Canada,R16,$1.639,$2.457,0.72,0.13,19,1
Tommy Haas,Juan Martin Del Potro,Juan Martin Del Potro,Aug 5 2013,Washington,S,$4.247,$1.279,-0.28,0.64,14,16
Rafael Nadal,Novak Djokovic,Rafael Nadal,Aug 5 2013,ATP World Tour Masters 1000 Canada,S,$3.042,$1.453,1.21,0.53,17,13
Kei Nishikori,Andreas Seppi,Kei Nishikori,Aug 5 2013,ATP World Tour Masters 1000 Canada,R32,$1.535,$2.737,0.14,-0.84,2,17
Milos Raonic,Ernests Gulbis,Milos Raonic,Aug 5 2013,ATP World Tour Masters 1000 Canada,Q,$1.687,$2.357,-0.01,-0.51,2,16
Milos Raonic,Juan Martin Del Potro,Milos Raonic,Aug 5 2013,ATP World Tour Masters 1000 Canada,R16,$2.418,$1.657,-0.07,0.44,2,21
Milos Raonic,Jeremy Chardy,Milos Raonic,Aug 5 2013,ATP World Tour Masters 1000 Canada,R64,$1.272,$4.330,0.41,-0.74,6,27
Juan Martin Del Potro,John Isner,John Isner,Aug 12 2013,ATP World Tour Masters 1000 Cincinnati,S,$1.472,$2.962,-0.58,0.17,23,10
Novak Djokovic,John Isner,John Isner,Aug 12 2013,ATP World Tour Masters 1000 Cincinnati,Q,$1.128,$7.668,0.33,0.16,11,14
Roger Federer,Rafael Nadal,Rafael Nadal,Aug 12 2013,ATP World Tour Masters 1000 Cincinnati,Q,$3.874,$1.318,-0.02,1.29,1,16
Tommy Haas,Kevin Anderson,Tommy Haas,Aug 12 2013,ATP World Tour Masters 1000 Cincinnati,R64,$1.930,$2.004,0.26,0.39,5,10
Rafael Nadal,John Isner,Rafael Nadal,Aug 12 2013,ATP World Tour Masters 1000 Cincinnati,F,$1.234,$4.835,1.89,-0.64,13,5
Rafael Nadal,Grigor Dimitrov,Rafael Nadal,Aug 12 2013,ATP World Tour Masters 1000 Cincinnati,R16,$1.168,$6.217,1.89,-0.32,21,10
Milos Raonic,John Isner,John Isner,Aug 12 2013,ATP World Tour Masters 1000 Cincinnati,R16,$2.289,$1.724,0,0.51,0,17
Tommy Robredo,Stan Wawrinka,Tommy Robredo,Aug 12 2013,ATP World Tour Masters 1000 Cincinnati,R32,$3.178,$1.424,0.7,-0.16,14,3
Stan Wawrinka,Andreas Seppi,Stan Wawrinka,Aug 12 2013,ATP World Tour Masters 1000 Cincinnati,R64,$1.416,$3.219,0.12,-0.77,5,6
Mikhail Youzhny,Ernests Gulbis,Mikhail Youzhny,Aug 12 2013,ATP World Tour Masters 1000 Cincinnati,R64,$2.494,$1.623,0.75,-0.52,7,13
Tomas Berdych,Rafael Nadal,Rafael Nadal,Aug 18 2013,ATP World Tour Masters 1000 Cincinnati,S,$3.668,$1.343,-0.52,1.98,6,14
Tommy Robredo,Tomas Berdych,Tomas Berdych,Aug 18 2013,ATP World Tour Masters 1000 Cincinnati,R16,$4.996,$1.224,-0.79,1.66,8,10
Nicolas Almagro,Grigor Dimitrov,Grigor Dimitrov,Aug 26 2013,ATP World Tour Masters 1000 Cincinnati,R64,$1.860,$2.086,-0.99,0.7,18,11
Tomas Berdych,Stan Wawrinka,Stan Wawrinka,Aug 26 2013,US Open Slam,Round of 16,$1.373,$3.467,-0.43,0.47,7,5
Novak Djokovic,Mikhail Youzhny,Novak Djokovic,Aug 26 2013,US Open Slam,Quarter Final,$1.040,$17.000,1.42,-0.96,9,6
Richard Gasquet,David Ferrer,Richard Gasquet,Aug 26 2013,US Open Slam,Quarter Final,$3.194,$1.421,0.76,0.35,10,10
Richard Gasquet,Milos Raonic,Richard Gasquet,Aug 26 2013,US Open Slam,Round of 16,$2.197,$1.780,0.35,1.95,15,28
Richard Gasquet,John Isner,John Isner,Aug 26 2013,ATP World Tour Masters 1000 Cincinnati,R32,$1.884,$2.057,-0.63,0.69,9,14
Tommy Haas,Roger Federer,Roger Federer,Aug 26 2013,ATP World Tour Masters 1000 Cincinnati,R16,$3.184,$1.423,0.06,0.07,12,3
Lleyton Hewitt,Juan Martin del Potro,Lleyton Hewitt,Aug 26 2013,US Open Slam,Round of 64,$8.377,$1.114,0.69,0.03,8,7
John Isner,Gael Monfils,John Isner,Aug 26 2013,US Open Slam,Round of 64,$1.424,$3.178,0.37,-0.13,14,5
Gael Monfils,Fernando Verdasco,Gael Monfils,Aug 26 2013,Winston-Salem,Q,$1.698,$2.337,0.81,-0.23,9,10
Rafael Nadal,Novak Djokovic,Rafael Nadal,Aug 26 2013,US Open Slam,Final,$1.755,$2.236,0.67,0.58,10,6
Rafael Nadal,Novak Djokovic,Rafael Nadal,Aug 26 2013,US Open Slam,Final,$1.755,$2.236,0.67,0.58,10,6
Tommy Robredo,Roger Federer,Tommy Robredo,Aug 26 2013,US Open Slam,Round of 16,$15.130,$1.052,0.54,0.08,10,1
Tommy Robredo,Gael Monfils,Gael Monfils,Aug 26 2013,Winston-Salem,R16,$2.523,$1.611,-0.65,0.94,9,10
Stan Wawrinka,Novak Djokovic,Novak Djokovic,Aug 26 2013,US Open Slam,Semi Final,$5.170,$1.220,-0.78,-0.11,16,4
Mikhail Youzhny,Lleyton Hewitt,Mikhail Youzhny,Aug 26 2013,US Open Slam,Round of 16,$1.594,$2.567,-0.06,-0.07,4,8
Novak Djokovic,Milos Raonic,Novak Djokovic,Sep 13 2013,Davis Cup,Reverse Singles,$1.059,$13.683,0.55,-1.86,5,19
Richard Gasquet,Mikhail Youzhny,Richard Gasquet,Sep 23 2013,Bangkok,Q,$1.680,$2.370,1.12,-0.78,9,5
Richard Gasquet,Rafael Nadal,Rafael Nadal,Sep 23 2013,US Open Slam,Semi Final,$12.500,$1.070,-0.94,1.48,8,13
Nicolas Almagro,Kei Nishikori,Nicolas Almagro,Sep 30 2013,Tokyo,Q,$2.691,$1.550,1.98,0.22,25,20
Novak Djokovic,Fernando Verdasco,Novak Djokovic,Sep 30 2013,Beijing,R16,$1.054,$14.612,0.56,-0.21,4,7
Richard Gasquet,David Ferrer,Richard Gasquet,Sep 30 2013,Beijing,Q,$1.958,$1.976,0.51,0.45,7,7
Richard Gasquet,Milos Raonic,Milos Raonic,Sep 30 2013,Bangkok,S,$1.875,$2.067,0.46,-0.24,10,29
Tommy Haas,Mikhail Youzhny,Mikhail Youzhny,Sep 30 2013,US Open Slam,Round of 32,$1.527,$2.762,0.13,0.52,11,10
Milos Raonic,Juan Martin Del Potro,Juan Martin Del Potro,Sep 30 2013,Tokyo,F,$2.289,$1.724,0.31,-0.59,21,21
Jo-Wilfried Tsonga,Gael Monfils,Jo-Wilfried Tsonga,Sep 30 2013,Tokyo,R32,$1.543,$2.712,-0.02,0.13,29,5
Stan Wawrinka,Andreas Seppi,Stan Wawrinka,Sep 30 2013,Beijing,R32,$1.216,$5.132,2.46,-0.69,25,13
Nicolas Almagro,Jeremy Chardy,Nicolas Almagro,Oct 6 2013,ATP World Tour Masters 1000 Shanghai,R32,$1.417,$3.212,2.06,-0.56,16,11
Nicolas Almagro,Juan Martin Del Potro,Juan Martin Del Potro,Oct 6 2013,Tokyo,S,$4.033,$1.300,-0.14,1.87,16,20
Tomas Berdych,Nicolas Almagro,Nicolas Almagro,Oct 6 2013,ATP World Tour Masters 1000 Shanghai,R16,$1.395,$3.334,1.04,-0.18,11,15
Novak Djokovic,Gael Monfils,Novak Djokovic,Oct 6 2013,ATP World Tour Masters 1000 Shanghai,Q,$1.093,$9.817,3.55,-0.39,28,3
Roger Federer,Andreas Seppi,Roger Federer,Oct 6 2013,ATP World Tour Masters 1000 Shanghai,R32,$1.182,$5.857,0,-0.63,0,12
Richard Gasquet,Novak Djokovic,Novak Djokovic,Oct 6 2013,Beijing,S,$8.672,$1.109,-0.22,0.12,4,1
Tommy Haas,Lleyton Hewitt,Lleyton Hewitt,Oct 6 2013,Beijing,R32,$1.589,$2.579,0.01,-0.12,7,7
Lleyton Hewitt,Andreas Seppi,Andreas Seppi,Oct 6 2013,ATP World Tour Masters 1000 Shanghai,R64,$1.636,$2.465,-0.14,1.03,5,9
Rafael Nadal,Juan Martin Del Potro,Juan Martin Del Potro,Oct 6 2013,ATP World Tour Masters 1000 Shanghai,S,$1.325,$3.814,0.32,1.13,4,13
Kei Nishikori,Grigor Dimitrov,Kei Nishikori,Oct 6 2013,ATP World Tour Masters 1000 Shanghai,R64,$1.735,$2.269,3.05,-0.25,17,3
Milos Raonic,Fernando Verdasco,Milos Raonic,Oct 6 2013,ATP World Tour Masters 1000 Shanghai,R32,$1.466,$2.985,1.41,-0.11,16,7
Stan Wawrinka,Rafael Nadal,Rafael Nadal,Oct 6 2013,ATP World Tour Masters 1000 Shanghai,Q,$5.327,$1.206,-0.99,0.31,11,3
Stan Wawrinka,Milos Raonic,Stan Wawrinka,Oct 6 2013,ATP World Tour Masters 1000 Shanghai,R16,$2.067,$1.875,1.2,0.01,14,8
Stan Wawrinka,Kevin Anderson,Stan Wawrinka,Oct 6 2013,ATP World Tour Masters 1000 Shanghai,R32,$1.397,$3.323,1.5,-0.45,16,18
Jeremy Chardy,Ernests Gulbis,Ernests Gulbis,Oct 14 2013,Stockholm,R32,$3.911,$1.313,-0.47,1.14,19,15
Grigor Dimitrov,David Ferrer,Grigor Dimitrov,Oct 14 2013,Stockholm,F,$2.480,$1.629,-0.12,0.83,6,5
Ernests Gulbis,David Ferrer,David Ferrer,Oct 14 2013,Stockholm,S,$1.976,$1.958,-0.24,0.95,4,7
Nicolas Almagro,Juan Martin Del Potro,Juan Martin Del Potro,Oct 21 2013,ATP World Tour Masters 1000 Shanghai,Q,$3.014,$1.459,-0.02,1.76,14,8
Roger Federer,Grigor Dimitrov,Roger Federer,Oct 21 2013,Basel,Q,$1.464,$2.996,3.83,-0.17,31,2
Roger Federer,Gael Monfils,Gael Monfils,Oct 21 2013,ATP World Tour Masters 1000 Shanghai,R16,$1.325,$3.814,0.75,0.11,21,5
John Isner,Jeremy Chardy,Jeremy Chardy,Oct 21 2013,Valencia,R16,$1.429,$3.151,-0.17,-0.55,4,17
John Isner,Ernests Gulbis,John Isner,Oct 21 2013,Valencia,R32,$2.364,$1.683,0.06,-0.38,8,14
Kei Nishikori,Jo-Wilfried Tsonga,Jo-Wilfried Tsonga,Oct 21 2013,ATP World Tour Masters 1000 Shanghai,R16,$2.390,$1.671,-1.59,3.35,16,24
Tomas Berdych,David Ferrer,David Ferrer,Oct 28 2013,ATP World Tour Masters 1000 Paris,Q,$1.958,$1.976,-0.41,3.21,6,31
Tomas Berdych,Milos Raonic,Tomas Berdych,Oct 28 2013,ATP World Tour Masters 1000 Paris,R16,$2.087,$1.859,1.44,-0.89,14,18
Marin Cilic,Juan Martin Del Potro,Juan Martin Del Potro,Oct 28 2013,ATP World Tour Masters 1000 Paris,R32,$3.824,$1.324,-0.22,0.55,12,11
Juan Martin Del Potro,Grigor Dimitrov,Juan Martin Del Potro,Oct 28 2013,ATP World Tour Masters 1000 Paris,R16,$1.362,$3.538,0.34,0.21,8,14
Novak Djokovic,John Isner,Novak Djokovic,Oct 28 2013,ATP World Tour Masters 1000 Paris,R16,$1.171,$6.134,3.09,-0.67,19,5
Novak Djokovic,Juan Martin Del Potro,Novak Djokovic,Oct 28 2013,ATP World Tour Masters 1000 Shanghai,F,$1.378,$3.431,3.44,-0.89,27,13
Roger Federer,Juan Martin Del Potro,Roger Federer,Oct 28 2013,ATP World Tour Masters 1000 Paris,Q,$1.948,$1.985,2.97,-0.64,23,9
Roger Federer,Kevin Anderson,Roger Federer,Oct 28 2013,ATP World Tour Masters 1000 Paris,R32,$1.176,$5.989,0.83,-0.39,18,14
Roger Federer,Juan Martin Del Potro,Juan Martin Del Potro,Oct 28 2013,Basel,F,$2.207,$1.773,0.27,0.67,17,12
Richard Gasquet,Kei Nishikori,Richard Gasquet,Oct 28 2013,ATP World Tour Masters 1000 Paris,R16,$1.479,$2.933,0.51,-0.81,5,11
Richard Gasquet,Fernando Verdasco,Richard Gasquet,Oct 28 2013,ATP World Tour Masters 1000 Paris,R32,$1.345,$3.654,0.15,-0.02,5,5
Rafael Nadal,David Ferrer,David Ferrer,Oct 28 2013,ATP World Tour Masters 1000 Paris,S,$1.155,$6.609,0.84,2.19,18,28
Kei Nishikori,Jo-Wilfried Tsonga,Kei Nishikori,Oct 28 2013,ATP World Tour Masters 1000 Paris,R32,$3.026,$1.456,-0.42,-0.77,15,10
Fernando Verdasco,Ernests Gulbis,Fernando Verdasco,Oct 28 2013,ATP World Tour Masters 1000 Paris,R64,$2.690,$1.550,0.57,-0.37,6,10
Stan Wawrinka,Novak Djokovic,Novak Djokovic,Oct 28 2013,ATP World Tour Masters 1000 Paris,Q,$5.701,$1.188,-0.72,2.63,8,25
Stan Wawrinka,Nicolas Almagro,Stan Wawrinka,Oct 28 2013,ATP World Tour Masters 1000 Paris,R16,$1.609,$2.528,1.87,-0.44,12,8
Mikhail Youzhny,David Ferrer,Mikhail Youzhny,Oct 28 2013,Valencia,F,$3.945,$1.310,0.57,0.7,4,29
Novak Djokovic,David Ferrer,Novak Djokovic,Nov 4 2013,ATP World Tour Masters 1000 Paris,F,$1.171,$6.134,2.42,-0.97,23,21
Roger Federer,Novak Djokovic,Novak Djokovic,Nov 4 2013,ATP World Tour Masters 1000 Paris,S,$3.964,$1.308,0.4,2.55,19,24
Richard Gasquet,Rafael Nadal,Rafael Nadal,Nov 4 2013,ATP World Tour Masters 1000 Paris,Q,$5.407,$1.202,-0.17,0.89,2,4
Rafael Nadal,Novak Djokovic,Novak Djokovic,Nov 4 2013,Barclays ATP World Tour Finals,F,$2.571,$1.592,0.02,2.45,13,19
Stan Wawrinka,Novak Djokovic,Novak Djokovic,Nov 4 2013,Barclays ATP World Tour Finals,S,$5.658,$1.190,-0.51,2.03,7,21
Tomas Berdych,Novak Djokovic,Novak Djokovic,Nov 15 2013,Davis Cup,Reverse Singles,$10.342,$1.087,-0.32,1.78,3,12
Marin Cilic,Kei Nishikori,Kei Nishikori,Dec 30 2013,Brisbane,Q,$1.816,$2.144,-0.11,0.97,3,14
Marin Cilic,Grigor Dimitrov,Marin Cilic,Dec 30 2013,Brisbane,R16,$2.394,$1.669,0.93,0.26,12,13
Roger Federer,Jeremy Chardy,Roger Federer,Dec 30 2013,Brisbane,S,$1.082,$10.735,2.85,-0.91,23,7
Roger Federer,Rafael Nadal,Rafael Nadal,Dec 30 2013,Barclays ATP World Tour Finals,S,$3.693,$1.340,-0.03,4.47,13,29
Lleyton Hewitt,Kei Nishikori,Lleyton Hewitt,Dec 30 2013,Brisbane,S,$2.437,$1.648,0.17,0.12,2,6
Rafael Nadal,Gael Monfils,Rafael Nadal,Dec 30 2013,Doha,F,$1.411,$3.245,3.84,-0.25,25,2
Rafael Nadal,Ernests Gulbis,Rafael Nadal,Dec 30 2013,Doha,Q,$1.237,$4.792,3.42,-0.33,34,3
Gael Monfils,David Ferrer,David Ferrer,Jan 6 2014,Valencia,R32,$2.717,$1.541,-0.53,0.92,4,5
Richard Gasquet,Gael Monfils,Gael Monfils,Jan 7 2014,Doha,R16,$2.465,$1.636,-0.29,1.18,3,6
Mikhail Youzhny,Kevin Anderson,Kevin Anderson,Jan 7 2014,ATP World Tour Masters 1000 Paris,R64,$1.538,$2.727,-0.25,0.16,4,11
Tomas Berdych,Stan Wawrinka,Stan Wawrinka,Jan 13 2014,Australian Open Slam,Semi Final,$2.145,$1.815,0.3,0.86,6,8
Tomas Berdych,David Ferrer,Tomas Berdych,Jan 13 2014,Australian Open Slam,Quarter Final,$1.554,$2.460,-0.08,0.16,7,20
Tomas Berdych,Kevin Anderson,Tomas Berdych,Jan 13 2014,Australian Open Slam,Round of 16,$1.109,$4.837,2.4,-1.91,14,16
Tomas Berdych,Kevin Anderson,Tomas Berdych,Jan 13 2014,Australian Open Slam,Round of 16,$1.109,$6.753,2.4,-1.27,14,12
Jeremy Chardy,David Ferrer,David Ferrer,Jan 13 2014,Australian Open Slam,Round of 32,$3.334,$1.395,-1.11,2.53,11,24
Roger Federer,Jo-Wilfried Tsonga,Roger Federer,Jan 13 2014,Australian Open Slam,Round of 16,$1.554,$2.460,2.52,-0.64,21,10
Roger Federer,Lleyton Hewitt,Lleyton Hewitt,Jan 13 2014,Brisbane,F,$1.174,$6.053,0.54,0.11,10,1
Lleyton Hewitt,Andreas Seppi,Andreas Seppi,Jan 13 2014,Australian Open Slam,Round of 128,$1.283,$4.206,0.02,-0.17,3,6
Rafael Nadal,Grigor Dimitrov,Rafael Nadal,Jan 13 2014,Australian Open Slam,Quarter Final,$1.114,$6.575,2.36,-0.06,25,1
Rafael Nadal,Kei Nishikori,Rafael Nadal,Jan 13 2014,Australian Open Slam,Round of 16,$1.029,$12.817,1.41,-0.59,20,5
Rafael Nadal,Gael Monfils,Rafael Nadal,Jan 13 2014,Australian Open Slam,Round of 32,$1.100,$7.098,4.59,-0.3,23,3
Milos Raonic,Grigor Dimitrov,Grigor Dimitrov,Jan 13 2014,Australian Open Slam,Round of 32,$1.726,$2.125,-0.8,0.14,16,12
Tommy Robredo,Stan Wawrinka,Stan Wawrinka,Jan 13 2014,Australian Open Slam,Round of 16,$3.191,$1.358,-0.56,1.44,7,15
Tommy Robredo,Richard Gasquet,Tommy Robredo,Jan 13 2014,Australian Open Slam,Round of 32,$2.579,$1.510,0.63,0.09,8,3
Stan Wawrinka,Rafael Nadal,Stan Wawrinka,Jan 13 2014,Australian Open Slam,Final,$6.025,$1.175,0.68,-0.13,8,6
Stan Wawrinka,Novak Djokovic,Stan Wawrinka,Jan 13 2014,Australian Open Slam,Quarter Final,$7.979,$1.081,-0.24,-0.14,5,9
Roger Federer,Rafael Nadal,Rafael Nadal,Jan 31 2014,Australian Open Slam,Semi Final,$2.424,$1.654,0.03,2.43,10,17
Nicolas Almagro,David Ferrer,David Ferrer,Feb 10 2014,Buenos Aires,S,$3.571,$1.357,-0.22,2.06,5,19
Nicolas Almagro,Jeremy Chardy,Nicolas Almagro,Feb 10 2014,Buenos Aires,Q,$1.424,$3.176,1.05,-0.05,12,6
Tomas Berdych,Marin Cilic,Tomas Berdych,Feb 10 2014,Rotterdam,F,$1.472,$2.962,1.56,-0.04,10,7
Tomas Berdych,Ernests Gulbis,Tomas Berdych,Feb 10 2014,Rotterdam,S,$1.574,$2.619,1.74,-0.15,11,8
Marin Cilic,Jo-Wilfried Tsonga,Marin Cilic,Feb 10 2014,Rotterdam,R16,$2.619,$1.574,0.57,-0.51,5,9
Juan Martin Del Potro,Ernests Gulbis,Ernests Gulbis,Feb 10 2014,Rotterdam,Q,$1.376,$3.447,-0.18,1.1,2,11
Juan Martin Del Potro,Gael Monfils,Juan Martin Del Potro,Feb 10 2014,Rotterdam,R32,$1.584,$2.593,-0.15,0.17,2,1
Juan Martin Del Potro,Gael Monfils,Juan Martin Del Potro,Feb 10 2014,Rotterdam,R32,$1.584,$4.446,-0.15,-0.44,2,16
Grigor Dimitrov,Ernests Gulbis,Ernests Gulbis,Feb 10 2014,Rotterdam,R16,$1.591,$2.575,0.13,1.28,10,12
Richard Gasquet,Gael Monfils,Gael Monfils,Feb 10 2014,Montpellier,F,$1.852,$2.096,-0.11,0.17,2,1
Tommy Haas,Fernando Verdasco,Tommy Haas,Feb 10 2014,Rotterdam,R32,$1.853,$2.095,0.25,-0.04,4,7
Tommy Haas,Marin Cilic,Marin Cilic,Feb 10 2014,Zagreb,F,$2.752,$1.530,-0.88,0.66,5,6
Jeremy Chardy,David Ferrer,David Ferrer,Feb 17 2014,Rio de Janeiro,R32,$6.948,$1.145,-0.39,2.38,5,13
Marin Cilic,Kevin Anderson,Marin Cilic,Feb 17 2014,Delray Beach,F,$1.357,$3.571,0.22,-0.33,3,11
Marin Cilic,John Isner,Marin Cilic,Feb 17 2014,Delray Beach,S,$1.470,$2.971,0.13,-0.47,3,5
Jo-Wilfried Tsonga,Ernests Gulbis,Ernests Gulbis,Feb 17 2014,Marseille,F,$1.703,$2.327,-0.41,0.55,7,3
Kevin Anderson,Grigor Dimitrov,Grigor Dimitrov,Feb 24 2014,Acapulco,F,$2.915,$1.484,-0.36,0.03,8,7
Kevin Anderson,David Ferrer,Kevin Anderson,Feb 24 2014,Acapulco,Q,$3.555,$1.359,-0.37,1.33,4,10
Tomas Berdych,Roger Federer,Roger Federer,Feb 24 2014,Dubai,F,$2.298,$1.719,-0.23,0.61,2,8
Tomas Berdych,Jo-Wilfried Tsonga,Tomas Berdych,Feb 24 2014,Dubai,Q,$1.384,$3.397,0.2,-0.73,3,11
Grigor Dimitrov,Ernests Gulbis,Grigor Dimitrov,Feb 24 2014,Acapulco,Q,$1.830,$2.125,0.09,-0.01,7,4
Roger Federer,Novak Djokovic,Roger Federer,Feb 24 2014,Dubai,S,$4.960,$1.226,1.19,-0.03,12,7
Grigor Dimitrov,Ernests Gulbis,Ernests Gulbis,Mar 3 2014,ATP World Tour Masters 1000 Indian Wells,R32,$2.058,$1.883,0.09,0.54,4,8
Novak Djokovic,John Isner,Novak Djokovic,Mar 3 2014,ATP World Tour Masters 1000 Indian Wells,S,$1.219,$5.085,0.83,-0.45,7,3
Novak Djokovic,Marin Cilic,Novak Djokovic,Mar 3 2014,ATP World Tour Masters 1000 Indian Wells,R16,$1.198,$5.489,0.35,-0.23,9,4
Roger Federer,Kevin Anderson,Roger Federer,Mar 3 2014,ATP World Tour Masters 1000 Indian Wells,Q,$1.212,$5.209,1.59,-0.86,5,4
Richard Gasquet,Ernests Gulbis,Ernests Gulbis,Mar 3 2014,Marseille,S,$1.792,$2.178,0.09,0.65,1,4
Lleyton Hewitt,Kevin Anderson,Kevin Anderson,Mar 3 2014,ATP World Tour Masters 1000 Indian Wells,R64,$3.444,$1.376,-0.07,-0.04,1,3
John Isner,Ernests Gulbis,John Isner,Mar 3 2014,ATP World Tour Masters 1000 Indian Wells,Q,$2.270,$1.735,-0.08,-0.16,3,5
John Isner,Fernando Verdasco,John Isner,Mar 3 2014,ATP World Tour Masters 1000 Indian Wells,R16,$1.629,$2.480,0.12,-0.05,4,2
Tommy Robredo,Marin Cilic,Marin Cilic,Mar 3 2014,ATP World Tour Masters 1000 Indian Wells,R32,$3.689,$1.341,-0.33,0.01,5,1
Stan Wawrinka,Kevin Anderson,Kevin Anderson,Mar 3 2014,ATP World Tour Masters 1000 Indian Wells,R16,$1.264,$4.426,0.3,-0.51,6,2
Nicolas Almagro,John Isner,John Isner,Mar 17 2014,ATP World Tour Masters 1000 Miami,R32,$2.317,$1.708,0.11,0.06,6,3
Tomas Berdych,John Isner,Tomas Berdych,Mar 17 2014,ATP World Tour Masters 1000 Miami,R16,$1.412,$3.237,0.96,-0.28,7,2
Novak Djokovic,Jeremy Chardy,Novak Djokovic,Mar 17 2014,ATP World Tour Masters 1000 Miami,R64,$1.033,$20.546,0.82,-0.2,6,1
Roger Federer,Novak Djokovic,Novak Djokovic,Mar 17 2014,ATP World Tour Masters 1000 Indian Wells,F,$2.610,$1.578,-0.03,-0.07,8,5
David Ferrer,Andreas Seppi,David Ferrer,Mar 17 2014,ATP World Tour Masters 1000 Miami,R32,$1.135,$7.365,1.43,-0.33,6,2
Tommy Haas,Roger Federer,Roger Federer,Mar 17 2014,ATP World Tour Masters 1000 Indian Wells,R16,$5.170,$1.214,-0.35,1.38,3,12
Tommy Haas,Kei Nishikori,Tommy Haas,Mar 17 2014,ATP World Tour Masters 1000 Indian Wells,R32,$2.828,$1.507,0.02,-0.27,2,6
Tommy Haas,Jeremy Chardy,Tommy Haas,Mar 17 2014,ATP World Tour Masters 1000 Indian Wells,R64,$2.014,$1.922,0.12,-0.03,2,5
Rafael Nadal,Milos Raonic,Rafael Nadal,Mar 17 2014,ATP World Tour Masters 1000 Miami,Q,$1.145,$6.958,1.08,-1.03,12,12
Kei Nishikori,David Ferrer,Kei Nishikori,Mar 17 2014,ATP World Tour Masters 1000 Miami,R16,$2.571,$1.592,0.21,0.2,5,4
Kei Nishikori,Grigor Dimitrov,Kei Nishikori,Mar 17 2014,ATP World Tour Masters 1000 Miami,R32,$2.058,$1.883,0.32,0.03,5,4
Tommy Robredo,Novak Djokovic,Novak Djokovic,Mar 17 2014,ATP World Tour Masters 1000 Miami,R16,$14.508,$1.055,-0.22,0.66,3,3
Roger Federer,Kei Nishikori,Kei Nishikori,Apr 4 2014,ATP World Tour Masters 1000 Miami,Q,$1.177,$5.973,0.32,0.21,7,4
Nicolas Almagro,Fernando Verdasco,Fernando Verdasco,Apr 7 2014,Houston,F,$1.540,$2.720,0.58,-0.08,5,2
Kevin Anderson,Gael Monfils,Gael Monfils,Apr 13 2014,ATP World Tour Masters 1000 Monte Carlo,R64,$2.760,$1.527,-0.26,0,1,0
Grigor Dimitrov,David Ferrer,David Ferrer,Apr 13 2014,ATP World Tour Masters 1000 Monte Carlo,R16,$3.378,$1.387,0.05,0.86,1,6
Richard Gasquet,Kevin Anderson,Richard Gasquet,Apr 13 2014,ATP World Tour Masters 1000 Miami,R32,$1.859,$2.087,0,0.05,0,3
Richard Gasquet,Fernando Verdasco,Fernando Verdasco,Apr 13 2014,ATP World Tour Masters 1000 Indian Wells,R32,$1.428,$3.156,0,0.2,0,5
Rafael Nadal,David Ferrer,David Ferrer,Apr 13 2014,ATP World Tour Masters 1000 Monte Carlo,Q,$1.106,$8.885,-0.22,0.04,2,2
Rafael Nadal,Andreas Seppi,Rafael Nadal,Apr 13 2014,ATP World Tour Masters 1000 Monte Carlo,R16,$1.014,$32.211,1.39,0,7,0
Tommy Robredo,Milos Raonic,Milos Raonic,Apr 13 2014,ATP World Tour Masters 1000 Monte Carlo,R16,$1.837,$2.116,0,1.13,2,8
Stan Wawrinka,Roger Federer,Stan Wawrinka,Apr 13 2014,ATP World Tour Masters 1000 Monte Carlo,F,$2.357,$1.687,0.02,-0.06,1,2
Stan Wawrinka,David Ferrer,Stan Wawrinka,Apr 13 2014,ATP World Tour Masters 1000 Monte Carlo,S,$2.347,$1.692,0.08,-0.15,2,2
Stan Wawrinka,Milos Raonic,Stan Wawrinka,Apr 13 2014,ATP World Tour Masters 1000 Monte Carlo,Q,$1.391,$3.353,0,-0.84,0,8
Mikhail Youzhny,Andreas Seppi,Andreas Seppi,Apr 13 2014,ATP World Tour Masters 1000 Monte Carlo,R64,$1.985,$1.948,-0.3,0.14,3,5
Nicolas Almagro,Fernando Verdasco,Nicolas Almagro,Apr 21 2014,Barcelona,R16,$1.957,$1.976,0,0.1,0,1
Rafael Nadal,Nicolas Almagro,Nicolas Almagro,Apr 21 2014,Barcelona,Q,$1.143,$7.041,0.64,0,6,1
Kei Nishikori,Ernests Gulbis,Kei Nishikori,Apr 21 2014,Barcelona,S,$1.708,$2.317,0.17,-0.06,2,2
Tommy Robredo,Marin Cilic,Marin Cilic,Apr 21 2014,Barcelona,R16,$1.752,$2.240,0,-0.04,0,2
Tommy Haas,Andreas Seppi,Tommy Haas,Apr 28 2014,Munich,Q,$1.445,$3.075,0.08,-0.15,1,2
Tomas Berdych,Rafael Nadal,Rafael Nadal,May 5 2014,ATP World Tour Masters 1000 Madrid,Q,$6.296,$1.165,-0.1,0.3,1,2
Tomas Berdych,Grigor Dimitrov,Tomas Berdych,May 5 2014,ATP World Tour Masters 1000 Madrid,R16,$1.713,$2.308,0.01,0.01,2,2
Tomas Berdych,Kevin Anderson,Tomas Berdych,May 5 2014,ATP World Tour Masters 1000 Madrid,R32,$1.199,$5.459,-0.08,0,2,0
Marin Cilic,Ernests Gulbis,Ernests Gulbis,May 5 2014,ATP World Tour Masters 1000 Madrid,R16,$2.480,$1.629,0,0.28,0,3
Roger Federer,Novak Djokovic,Roger Federer,May 5 2014,ATP World Tour Masters 1000 Monte Carlo,S,$3.738,$1.334,-0.04,0.09,1,2
Roger Federer,Jo-Wilfried Tsonga,Roger Federer,May 5 2014,ATP World Tour Masters 1000 Monte Carlo,Q,$1.292,$4.118,0.07,-0.04,4,4
Ernests Gulbis,David Ferrer,David Ferrer,May 5 2014,ATP World Tour Masters 1000 Madrid,Q,$3.156,$1.428,-0.01,0.29,1,2
John Isner,David Ferrer,David Ferrer,May 5 2014,ATP World Tour Masters 1000 Madrid,R16,$3.860,$1.319,-0.09,0.36,1,3
Rafael Nadal,Kei Nishikori,Rafael Nadal,May 5 2014,ATP World Tour Masters 1000 Madrid,F,$1.131,$7.533,0,-0.14,3,1
Milos Raonic,Kei Nishikori,Kei Nishikori,May 5 2014,ATP World Tour Masters 1000 Madrid,R16,$2.834,$1.506,0.32,-0.04,6,1
Milos Raonic,Jeremy Chardy,Milos Raonic,May 5 2014,ATP World Tour Masters 1000 Madrid,R32,$1.340,$3.693,0.93,-0.07,7,1
Fernando Verdasco,Andreas Seppi,Fernando Verdasco,May 5 2014,ATP World Tour Masters 1000 Madrid,R64,$1.429,$3.151,0.12,-0.07,1,1
Kevin Anderson,Jo-Wilfried Tsonga,Jo-Wilfried Tsonga,May 12 2014,ATP World Tour Masters 1000 Rome,R32,$3.323,$1.397,0,0.11,0,6
Tomas Berdych,Grigor Dimitrov,Grigor Dimitrov,May 12 2014,ATP World Tour Masters 1000 Rome,R16,$1.661,$2.409,0,0,0,0
Novak Djokovic,Milos Raonic,Novak Djokovic,May 12 2014,ATP World Tour Masters 1000 Rome,S,$1.160,$6.453,0,0.17,0,3
Novak Djokovic,David Ferrer,Novak Djokovic,May 12 2014,ATP World Tour Masters 1000 Rome,Q,$1.370,$3.486,0.05,0,1,0
Roger Federer,Jeremy Chardy,Jeremy Chardy,May 12 2014,ATP World Tour Masters 1000 Rome,R32,$1.128,$7.670,0.09,-0.07,2,1
Tommy Haas,Grigor Dimitrov,Grigor Dimitrov,May 12 2014,ATP World Tour Masters 1000 Rome,Q,$2.980,$1.467,0,0,0,0
Tommy Haas,Stan Wawrinka,Tommy Haas,May 12 2014,ATP World Tour Masters 1000 Rome,R16,$5.821,$1.183,0,0,0,0
Tommy Haas,Andreas Seppi,Tommy Haas,May 12 2014,ATP World Tour Masters 1000 Rome,R64,$2.004,$1.930,0,0,0,0
Rafael Nadal,Novak Djokovic,Novak Djokovic,May 12 2014,ATP World Tour Masters 1000 Rome,F,$1.755,$2.236,0,0.17,0,1
Rafael Nadal,Novak Djokovic,Novak Djokovic,May 12 2014,ATP World Tour Masters 1000 Rome,F,$1.755,$2.236,0,0.17,0,1
Rafael Nadal,Mikhail Youzhny,Rafael Nadal,May 12 2014,ATP World Tour Masters 1000 Rome,R16,$1.076,$11.442,0,0,0,0
Kei Nishikori,David Ferrer,Kei Nishikori,May 12 2014,ATP World Tour Masters 1000 Madrid,S,$2.538,$1.605,0,-0.02,0,1
Milos Raonic,Jeremy Chardy,Milos Raonic,May 12 2014,ATP World Tour Masters 1000 Rome,Q,$1.359,$3.555,0.32,0,5,0
