p2ServePointsWon,p2ReturnPointsWon,player2,odds,winner,date,tournament,t_round,player1,outlier,id,cluster,spw,spw_count
67,37,Tommy Haas,$2.380,Gael Monfils,Jan 7 2013,Auckland,Q,Gael Monfils,FALSE,74,cluster_4,-0.31,22
67,40,Novak Djokovic,$4.898,Novak Djokovic,Jan 9 2013,Barclays ATP World Tour Finals,S,Juan Martin Del Potro,FALSE,44,cluster_4,-0.82,12
64,31,Fernando Verdasco,$1.812,Kevin Anderson,Jan 14 2013,Australian Open Slam,Round of 32,Kevin Anderson,FALSE,66,cluster_1,0.04,21
57,34,Andreas Seppi,$2.590,Jeremy Chardy,Jan 14 2013,Australian Open Slam,Round of 16,Jeremy Chardy,FALSE,48,cluster_2,0.38,9
66,33,Juan Martin del Potro,$16.225,Jeremy Chardy,Jan 14 2013,Australian Open Slam,Round of 32,Jeremy Chardy,FALSE,50,cluster_3,-0.41,13
59,42,Andreas Seppi,$1.437,Andreas Seppi,Jan 14 2013,Australian Open Slam,Round of 32,Marin Cilic,FALSE,64,cluster_2,0.13,13
66,31,Jo-Wilfried Tsonga,$1.200,Roger Federer,Jan 14 2013,Australian Open Slam,Quarter Final,Roger Federer,FALSE,77,cluster_2,0.49,21
64,15,Milos Raonic,$1.139,Roger Federer,Jan 14 2013,Australian Open Slam,Round of 16,Roger Federer,FALSE,81,cluster_0,3.32,28
70,34,Jo-Wilfried Tsonga,$2.837,Jo-Wilfried Tsonga,Jan 14 2013,Australian Open Slam,Round of 16,Richard Gasquet,FALSE,77,cluster_3,-0.7,17
85,36,Roger Federer,$7.186,Roger Federer,Jan 14 2013,Australian Open Slam,Round of 16,Milos Raonic,FALSE,60,cluster_3,-1.39,14
58,41,Marin Cilic,$3.114,Andreas Seppi,Jan 14 2013,Australian Open Slam,Round of 32,Andreas Seppi,FALSE,74,cluster_4,-0.16,16
69,34,Roger Federer,$5.448,Roger Federer,Jan 14 2013,Australian Open Slam,Quarter Final,Jo-Wilfried Tsonga,FALSE,59,cluster_1,0.16,21
66,30,Richard Gasquet,$1.515,Jo-Wilfried Tsonga,Jan 14 2013,Australian Open Slam,Round of 16,Jo-Wilfried Tsonga,FALSE,60,cluster_1,0.68,18
65,41,David Ferrer,$5.608,David Ferrer,Feb 1 2013,Australian Open Slam,Quarter Final,Nicolas Almagro,FALSE,69,cluster_3,-0.71,10
73,47,Rafael Nadal,$7.727,Rafael Nadal,Feb 4 2013,Vina del Mar,S,Jeremy Chardy,FALSE,39,cluster_0,-0.48,8
56,37,Mikhail Youzhny,$1.609,Marin Cilic,Feb 4 2013,Zagreb,S,Marin Cilic,FALSE,61,cluster_1,1.47,15
58,36,Gael Monfils,$1.630,Richard Gasquet,Feb 4 2013,Montpellier,R16,Richard Gasquet,FALSE,76,cluster_2,1.04,30
66,43,Jeremy Chardy,$1.585,Jeremy Chardy,Feb 4 2013,Australian Open Slam,Round of 16,Andreas Seppi,FALSE,73,cluster_3,-2.02,17
62,43,Marin Cilic,$2.528,Marin Cilic,Feb 4 2013,Zagreb,S,Mikhail Youzhny,FALSE,70,cluster_4,-0.42,15
64,26,Grigor Dimitrov,$1.248,Juan Martin Del Potro,Feb 11 2013,Rotterdam,S,Juan Martin Del Potro,FALSE,31,cluster_3,0.24,7
65,32,Ernests Gulbis,$1.256,Juan Martin Del Potro,Feb 11 2013,Rotterdam,R16,Juan Martin Del Potro,FALSE,35,cluster_3,0.39,9
63,24,Gael Monfils,$1.263,Juan Martin Del Potro,Feb 11 2013,Rotterdam,R32,Juan Martin Del Potro,FALSE,36,cluster_3,0.42,10
67,34,Jeremy Chardy,$1.045,Jeremy Chardy,Feb 11 2013,Australian Open Slam,Round of 32,Juan Martin del Potro,FALSE,40,cluster_4,-0.52,11
73,35,Juan Martin Del Potro,$4.632,Juan Martin Del Potro,Feb 11 2013,Rotterdam,S,Grigor Dimitrov,FALSE,77,cluster_0,0.28,21
76,42,Milos Raonic,$2.710,Milos Raonic,Feb 11 2013,San Jose,F,Tommy Haas,FALSE,85,cluster_1,-1.31,21
64,19,John Isner,$1.773,Tommy Haas,Feb 11 2013,San Jose,S,Tommy Haas,FALSE,86,cluster_0,1.15,21
80,35,Tommy Haas,$2.207,Tommy Haas,Feb 11 2013,San Jose,S,John Isner,FALSE,78,cluster_1,-0.32,13
63,41,Richard Gasquet,$2.472,Richard Gasquet,Feb 11 2013,Montpellier,R16,Gael Monfils,FALSE,69,cluster_4,-0.24,20
57,23,Tommy Haas,$1.543,Milos Raonic,Feb 11 2013,San Jose,F,Milos Raonic,FALSE,53,cluster_4,2.04,15
78,32,Stan Wawrinka,$1.755,Stan Wawrinka,Feb 18 2013,Buenos Aires,S,Nicolas Almagro,FALSE,55,cluster_1,-0.31,13
68,43,Kei Nishikori,$1.799,Kei Nishikori,Feb 18 2013,Memphis,Q,Marin Cilic,FALSE,57,cluster_2,-0.4,7
71,34,Tomas Berdych,$3.089,Tomas Berdych,Feb 18 2013,Marseille,R16,Ernests Gulbis,FALSE,80,cluster_2,-0.71,24
75,36,Juan Martin Del Potro,$4.446,Juan Martin Del Potro,Feb 18 2013,Rotterdam,R32,Gael Monfils,FALSE,68,cluster_4,-0.44,16
56,31,Marin Cilic,$2.169,Kei Nishikori,Feb 18 2013,Memphis,Q,Kei Nishikori,FALSE,69,cluster_2,3.18,18
67,48,David Ferrer,$12.327,David Ferrer,Feb 18 2013,Buenos Aires,S,Tommy Robredo,FALSE,69,cluster_3,-1.05,13
75,33,Tomas Berdych,$2.270,Jo-Wilfried Tsonga,Feb 18 2013,Marseille,F,Jo-Wilfried Tsonga,FALSE,49,cluster_4,-0.63,10
69,36,Kevin Anderson,$2.167,Kevin Anderson,Feb 18 2013,Australian Open Slam,Round of 32,Fernando Verdasco,FALSE,65,cluster_3,-0.36,20
61,48,David Ferrer,$3.814,David Ferrer,Feb 18 2013,Buenos Aires,F,Stan Wawrinka,FALSE,82,cluster_1,0.24,17
67,21,Nicolas Almagro,$2.236,Stan Wawrinka,Feb 18 2013,Buenos Aires,S,Stan Wawrinka,FALSE,83,cluster_0,2.52,24
65,35,Rafael Nadal,$5.047,Rafael Nadal,Feb 25 2013,Acapulco,S,Nicolas Almagro,FALSE,50,cluster_1,-0.19,12
58,31,Tommy Robredo,$1.160,Nicolas Almagro,Feb 25 2013,Acapulco,R16,Nicolas Almagro,FALSE,54,cluster_4,2.04,24
67,42,Tomas Berdych,$4.837,Tomas Berdych,Feb 25 2013,Australian Open Slam,Round of 16,Kevin Anderson,FALSE,65,cluster_4,-1.91,16
67,35,Tomas Berdych,$1.479,Tomas Berdych,Feb 25 2013,Dubai,S,Roger Federer,FALSE,64,cluster_2,0.19,11
63,34,Tommy Haas,$1.967,Ernests Gulbis,Feb 25 2013,Delray Beach,S,Ernests Gulbis,FALSE,77,cluster_4,1.58,35
65,36,Ernests Gulbis,$1.967,Ernests Gulbis,Feb 25 2013,Delray Beach,S,Tommy Haas,FALSE,80,cluster_4,0.81,31
60,23,Kevin Anderson,$1.985,John Isner,Feb 25 2013,Delray Beach,Q,John Isner,FALSE,75,cluster_4,2.26,26
68,41,Nicolas Almagro,$6.453,Nicolas Almagro,Feb 25 2013,Acapulco,R16,Tommy Robredo,FALSE,67,cluster_4,-1.36,19
69,54,Novak Djokovic,$19.689,Novak Djokovic,Feb 25 2013,Dubai,Q,Andreas Seppi,FALSE,69,cluster_3,-1.91,12
68,36,Tommy Haas,$1.653,Tommy Haas,Mar 6 2013,ATP World Tour Masters 1000 Indian Wells,R32,Nicolas Almagro,FALSE,47,cluster_1,0.43,16
59,38,David Ferrer,$4.328,Kevin Anderson,Mar 6 2013,ATP World Tour Masters 1000 Indian Wells,R64,Kevin Anderson,FALSE,54,cluster_0,-0.29,14
76,39,John Isner,$1.948,John Isner,Mar 6 2013,Delray Beach,Q,Kevin Anderson,FALSE,59,cluster_4,-1.76,15
67,34,Milos Raonic,$2.096,Milos Raonic,Mar 6 2013,ATP World Tour Masters 1000 Indian Wells,R32,Marin Cilic,FALSE,55,cluster_0,-0.07,20
58,41,Novak Djokovic,$5.821,Juan Martin Del Potro,Mar 6 2013,ATP World Tour Masters 1000 Indian Wells,S,Juan Martin Del Potro,FALSE,12,cluster_1,-0.17,5
43,27,Tommy Haas,$1.272,Juan Martin Del Potro,Mar 6 2013,ATP World Tour Masters 1000 Indian Wells,R16,Juan Martin Del Potro,FALSE,16,cluster_0,0.23,1
71,39,Novak Djokovic,$7.226,Novak Djokovic,Mar 6 2013,Dubai,S,Juan Martin Del Potro,FALSE,22,cluster_4,-0.45,6
72,42,Novak Djokovic,$23.285,Novak Djokovic,Mar 6 2013,ATP World Tour Masters 1000 Indian Wells,R32,Grigor Dimitrov,FALSE,75,cluster_3,-1.24,12
58,41,Juan Martin Del Potro,$1.183,Juan Martin Del Potro,Mar 6 2013,ATP World Tour Masters 1000 Indian Wells,S,Novak Djokovic,FALSE,87,cluster_4,1.27,26
57,40,Stan Wawrinka,$1.264,Roger Federer,Mar 6 2013,ATP World Tour Masters 1000 Indian Wells,R16,Roger Federer,FALSE,59,cluster_1,0.47,10
62,50,Tomas Berdych,$2.509,Tomas Berdych,Mar 6 2013,ATP World Tour Masters 1000 Indian Wells,R16,Richard Gasquet,FALSE,67,cluster_1,-1,18
64,35,Rafael Nadal,$1.090,Rafael Nadal,Mar 6 2013,ATP World Tour Masters 1000 Indian Wells,R16,Ernests Gulbis,FALSE,72,cluster_4,1.37,26
60,34,Andreas Seppi,$1.482,Ernests Gulbis,Mar 6 2013,ATP World Tour Masters 1000 Indian Wells,R32,Ernests Gulbis,FALSE,73,cluster_4,1.39,33
72,56,Juan Martin Del Potro,$4.328,Juan Martin Del Potro,Mar 6 2013,ATP World Tour Masters 1000 Indian Wells,R16,Tommy Haas,FALSE,77,cluster_1,-1.02,19
63,31,Nicolas Almagro,$2.428,Tommy Haas,Mar 6 2013,ATP World Tour Masters 1000 Indian Wells,R32,Tommy Haas,FALSE,78,cluster_4,1.4,29
72,41,Stan Wawrinka,$3.984,Stan Wawrinka,Mar 6 2013,ATP World Tour Masters 1000 Indian Wells,R32,Lleyton Hewitt,FALSE,49,cluster_0,-0.17,10
66,30,John Isner,$2.933,Lleyton Hewitt,Mar 6 2013,ATP World Tour Masters 1000 Indian Wells,R64,Lleyton Hewitt,FALSE,50,cluster_1,1.46,20
69,33,Lleyton Hewitt,$1.479,Lleyton Hewitt,Mar 6 2013,ATP World Tour Masters 1000 Indian Wells,R64,John Isner,FALSE,73,cluster_3,0.73,17
72,25,Jo-Wilfried Tsonga,$2.197,Jo-Wilfried Tsonga,Mar 6 2013,ATP World Tour Masters 1000 Indian Wells,R16,Milos Raonic,FALSE,47,cluster_1,0.93,11
65,32,Marin Cilic,$1.852,Milos Raonic,Mar 6 2013,ATP World Tour Masters 1000 Indian Wells,R32,Milos Raonic,FALSE,48,cluster_0,0.53,19
65,39,Ernests Gulbis,$2.924,Ernests Gulbis,Mar 6 2013,ATP World Tour Masters 1000 Indian Wells,R32,Andreas Seppi,FALSE,67,cluster_0,-1.11,25
75,27,Milos Raonic,$1.780,Jo-Wilfried Tsonga,Mar 6 2013,ATP World Tour Masters 1000 Indian Wells,R16,Jo-Wilfried Tsonga,FALSE,41,cluster_1,-0.04,16
59,42,Roger Federer,$4.432,Roger Federer,Mar 6 2013,ATP World Tour Masters 1000 Indian Wells,R16,Stan Wawrinka,FALSE,78,cluster_1,0.25,16
58,27,Lleyton Hewitt,$1.306,Stan Wawrinka,Mar 6 2013,ATP World Tour Masters 1000 Indian Wells,R32,Stan Wawrinka,FALSE,79,cluster_2,2.31,27
69,40,Richard Gasquet,$2.106,Richard Gasquet,Mar 18 2013,ATP World Tour Masters 1000 Miami,R16,Nicolas Almagro,FALSE,40,cluster_3,0.2,12
69,37,Tomas Berdych,$4.915,Tomas Berdych,Mar 18 2013,ATP World Tour Masters 1000 Indian Wells,Q,Kevin Anderson,FALSE,47,cluster_1,-0.77,18
65,40,Rafael Nadal,$2.809,Rafael Nadal,Mar 18 2013,ATP World Tour Masters 1000 Indian Wells,S,Tomas Berdych,FALSE,85,cluster_4,-0.96,15
62,30,Kevin Anderson,$1.229,Tomas Berdych,Mar 18 2013,ATP World Tour Masters 1000 Indian Wells,Q,Tomas Berdych,FALSE,86,cluster_1,2.38,32
59,24,Jo-Wilfried Tsonga,$2.791,Marin Cilic,Mar 18 2013,ATP World Tour Masters 1000 Miami,R16,Marin Cilic,FALSE,52,cluster_4,1.71,16
61,22,John Isner,$1.598,Marin Cilic,Mar 18 2013,ATP World Tour Masters 1000 Miami,R32,Marin Cilic,FALSE,53,cluster_4,1.69,23
69,41,Rafael Nadal,$2.834,Rafael Nadal,Mar 18 2013,ATP World Tour Masters 1000 Indian Wells,F,Juan Martin Del Potro,FALSE,11,cluster_4,-0.35,3
53,39,Tommy Haas,$1.493,David Ferrer,Mar 18 2013,ATP World Tour Masters 1000 Miami,S,David Ferrer,FALSE,88,cluster_3,3.8,37
60,30,Tomas Berdych,$3.071,Richard Gasquet,Mar 18 2013,ATP World Tour Masters 1000 Miami,Q,Richard Gasquet,FALSE,63,cluster_2,0.85,26
59,30,Nicolas Almagro,$1.845,Richard Gasquet,Mar 18 2013,ATP World Tour Masters 1000 Miami,R16,Richard Gasquet,FALSE,64,cluster_2,1.38,23
51,35,Mikhail Youzhny,$1.272,Richard Gasquet,Mar 18 2013,ATP World Tour Masters 1000 Miami,R32,Richard Gasquet,FALSE,65,cluster_0,2.7,19
60,46,David Ferrer,$2.881,David Ferrer,Mar 18 2013,ATP World Tour Masters 1000 Miami,S,Tommy Haas,FALSE,72,cluster_2,0.05,21
52,25,Novak Djokovic,$16.054,Tommy Haas,Mar 18 2013,ATP World Tour Masters 1000 Miami,R16,Tommy Haas,FALSE,74,cluster_3,2.42,15
77,38,Marin Cilic,$2.557,Marin Cilic,Mar 18 2013,ATP World Tour Masters 1000 Miami,R32,John Isner,FALSE,71,cluster_2,-1.04,15
68,46,David Ferrer,$3.668,David Ferrer,Mar 18 2013,ATP World Tour Masters 1000 Miami,R16,Kei Nishikori,FALSE,56,cluster_1,-1.15,12
75,40,Marin Cilic,$1.518,Marin Cilic,Mar 18 2013,ATP World Tour Masters 1000 Miami,R16,Jo-Wilfried Tsonga,FALSE,34,cluster_4,-0.19,5
64,48,Richard Gasquet,$4.328,Richard Gasquet,Mar 18 2013,ATP World Tour Masters 1000 Miami,R32,Mikhail Youzhny,FALSE,64,cluster_2,-1.34,19
53,27,John Isner,$1.456,Ernests Gulbis,Apr 5 2013,ATP World Tour Masters 1000 Monte Carlo,R64,Ernests Gulbis,FALSE,71,cluster_0,2.02,21
68,37,John Isner,$1.279,John Isner,Apr 8 2013,Houston,F,Nicolas Almagro,FALSE,32,cluster_1,0.03,9
54,32,Gael Monfils,$1.228,Nicolas Almagro,Apr 8 2013,Houston,R16,Nicolas Almagro,FALSE,39,cluster_4,0.96,16
62,31,Nicolas Almagro,$4.247,John Isner,Apr 8 2013,Houston,F,John Isner,FALSE,66,cluster_3,0.71,17
67,31,Kevin Anderson,$2.226,Tommy Robredo,Apr 8 2013,Casablanca,F,Tommy Robredo,FALSE,61,cluster_1,0.4,17
55,42,Stan Wawrinka,$4.328,Tommy Robredo,Apr 8 2013,Casablanca,S,Tommy Robredo,FALSE,62,cluster_0,1.08,22
57,44,Tommy Robredo,$1.272,Tommy Robredo,Apr 8 2013,Casablanca,S,Stan Wawrinka,FALSE,75,cluster_1,0.82,21
68,32,Tommy Robredo,$1.761,Tommy Robredo,Apr 15 2013,Casablanca,F,Kevin Anderson,FALSE,34,cluster_1,0.08,9
70,39,Richard Gasquet,$1.446,Richard Gasquet,Apr 15 2013,ATP World Tour Masters 1000 Miami,Q,Tomas Berdych,FALSE,81,cluster_4,-0.28,17
61,46,Richard Gasquet,$2.370,Richard Gasquet,Apr 15 2013,ATP World Tour Masters 1000 Monte Carlo,R16,Marin Cilic,FALSE,49,cluster_2,0.07,9
51,27,Kevin Anderson,$1.369,Marin Cilic,Apr 15 2013,ATP World Tour Masters 1000 Monte Carlo,R32,Marin Cilic,FALSE,50,cluster_3,1.61,17
60,36,Rafael Nadal,$17.229,Rafael Nadal,Apr 15 2013,ATP World Tour Masters 1000 Monte Carlo,Q,Grigor Dimitrov,FALSE,69,cluster_1,-0.63,18
48,37,Rafael Nadal,$2.996,Novak Djokovic,Apr 15 2013,ATP World Tour Masters 1000 Monte Carlo,F,Novak Djokovic,FALSE,80,cluster_1,2.85,18
53,36,Mikhail Youzhny,$1.089,Novak Djokovic,Apr 15 2013,ATP World Tour Masters 1000 Monte Carlo,R32,Novak Djokovic,FALSE,84,cluster_1,4.38,23
53,38,Marin Cilic,$1.680,Richard Gasquet,Apr 15 2013,ATP World Tour Masters 1000 Monte Carlo,R16,Richard Gasquet,FALSE,60,cluster_2,0.91,24
72,46,Ernests Gulbis,$3.026,Ernests Gulbis,Apr 15 2013,ATP World Tour Masters 1000 Monte Carlo,R64,John Isner,FALSE,65,cluster_2,-0.86,14
67,45,Nicolas Almagro,$4.940,Nicolas Almagro,Apr 15 2013,Houston,R16,Gael Monfils,FALSE,65,cluster_2,-0.62,18
68,44,Rafael Nadal,$7.895,Rafael Nadal,Apr 15 2013,ATP World Tour Masters 1000 Monte Carlo,S,Jo-Wilfried Tsonga,FALSE,29,cluster_0,-0.4,5
65,37,Stan Wawrinka,$2.125,Jo-Wilfried Tsonga,Apr 15 2013,ATP World Tour Masters 1000 Monte Carlo,Q,Jo-Wilfried Tsonga,FALSE,32,cluster_0,-0.31,7
62,34,Jo-Wilfried Tsonga,$1.830,Jo-Wilfried Tsonga,Apr 15 2013,ATP World Tour Masters 1000 Monte Carlo,Q,Stan Wawrinka,FALSE,71,cluster_2,3.02,31
63,46,Novak Djokovic,$10.139,Novak Djokovic,Apr 15 2013,ATP World Tour Masters 1000 Monte Carlo,R32,Mikhail Youzhny,FALSE,62,cluster_2,-1.75,12
64,44,Rafael Nadal,$8.289,Rafael Nadal,Apr 22 2013,Barcelona,F,Nicolas Almagro,FALSE,22,cluster_3,-0.06,3
68,48,Tommy Robredo,$1.611,Tommy Robredo,Apr 22 2013,Barcelona,R32,Grigor Dimitrov,FALSE,68,cluster_3,-0.27,13
70,41,Milos Raonic,$2.638,Milos Raonic,Apr 22 2013,Barcelona,R16,Ernests Gulbis,FALSE,67,cluster_2,-0.8,22
63,26,Fernando Verdasco,$1.400,Ernests Gulbis,Apr 22 2013,Barcelona,R32,Ernests Gulbis,FALSE,68,cluster_3,1.52,21
55,35,Nicolas Almagro,$1.116,Rafael Nadal,Apr 22 2013,Barcelona,F,Rafael Nadal,FALSE,88,cluster_2,3.51,33
47,30,Milos Raonic,$1.093,Rafael Nadal,Apr 22 2013,Barcelona,S,Rafael Nadal,FALSE,89,cluster_4,6.56,33
64,28,Tommy Robredo,$1.445,Milos Raonic,Apr 22 2013,Barcelona,Q,Milos Raonic,FALSE,33,cluster_0,0.95,14
58,29,Ernests Gulbis,$1.568,Milos Raonic,Apr 22 2013,Barcelona,R16,Milos Raonic,FALSE,35,cluster_2,0.38,8
71,35,Milos Raonic,$3.075,Milos Raonic,Apr 22 2013,Barcelona,Q,Tommy Robredo,FALSE,57,cluster_4,-1.3,15
63,37,Tomas Berdych,$2.975,Tommy Robredo,Apr 22 2013,Barcelona,R16,Tommy Robredo,FALSE,58,cluster_0,0.34,26
51,31,Grigor Dimitrov,$2.523,Tommy Robredo,Apr 22 2013,Barcelona,R32,Tommy Robredo,FALSE,59,cluster_2,1.61,18
73,36,Ernests Gulbis,$2.850,Ernests Gulbis,Apr 22 2013,Barcelona,R32,Fernando Verdasco,FALSE,59,cluster_3,-0.27,19
50,32,Andreas Seppi,$1.219,David Ferrer,Apr 29 2013,Oeiras,S,David Ferrer,FALSE,82,cluster_0,4.24,24
65,39,Tommy Haas,$1.820,Tommy Haas,Apr 29 2013,Munich,R16,Ernests Gulbis,FALSE,65,cluster_1,-0.46,15
60,34,Ernests Gulbis,$2.139,Tommy Haas,Apr 29 2013,Munich,R16,Tommy Haas,FALSE,70,cluster_4,0.91,27
66,46,Andreas Seppi,$1.755,Andreas Seppi,Apr 29 2013,Oeiras,Q,Tommy Robredo,FALSE,54,cluster_3,-0.73,9
67,49,David Ferrer,$5.094,David Ferrer,Apr 29 2013,Oeiras,S,Andreas Seppi,FALSE,59,cluster_3,-1.64,10
53,33,Tommy Robredo,$2.236,Andreas Seppi,Apr 29 2013,Oeiras,Q,Andreas Seppi,FALSE,60,cluster_2,1.16,23
58,14,David Ferrer,$2.980,Stan Wawrinka,Apr 29 2013,Oeiras,F,Stan Wawrinka,FALSE,62,cluster_0,1.52,14
72,48,Marin Cilic,$3.487,Marin Cilic,May 5 2013,ATP World Tour Masters 1000 Monte Carlo,R32,Kevin Anderson,FALSE,32,cluster_4,-1.07,11
60,36,Kevin Anderson,$1.366,Tomas Berdych,May 5 2013,ATP World Tour Masters 1000 Madrid,R16,Tomas Berdych,FALSE,75,cluster_3,1.41,23
62,36,Tommy Robredo,$1.469,Tommy Robredo,May 5 2013,Barcelona,R16,Tomas Berdych,FALSE,77,cluster_4,-0.15,15
64,39,Stan Wawrinka,$2.842,Stan Wawrinka,May 5 2013,ATP World Tour Masters 1000 Madrid,R16,Grigor Dimitrov,FALSE,65,cluster_1,-0.22,13
63,36,Novak Djokovic,$11.919,Grigor Dimitrov,May 5 2013,ATP World Tour Masters 1000 Madrid,R32,Grigor Dimitrov,FALSE,66,cluster_1,-0.64,17
63,36,Grigor Dimitrov,$1.072,Grigor Dimitrov,May 5 2013,ATP World Tour Masters 1000 Madrid,R32,Novak Djokovic,FALSE,79,cluster_4,1.26,25
62,29,Kei Nishikori,$1.265,Kei Nishikori,May 5 2013,ATP World Tour Masters 1000 Madrid,R16,Roger Federer,FALSE,53,cluster_0,1.78,18
55,52,Rafael Nadal,$7.855,Rafael Nadal,May 5 2013,ATP World Tour Masters 1000 Madrid,Q,David Ferrer,FALSE,76,cluster_4,0.58,12
64,28,Tommy Haas,$1.404,David Ferrer,May 5 2013,ATP World Tour Masters 1000 Madrid,R16,David Ferrer,FALSE,77,cluster_2,2.6,19
71,36,David Ferrer,$3.284,David Ferrer,May 5 2013,ATP World Tour Masters 1000 Madrid,R16,Tommy Haas,FALSE,64,cluster_4,0.96,22
52,37,Tommy Robredo,$1.602,Tommy Haas,May 5 2013,ATP World Tour Masters 1000 Madrid,R32,Tommy Haas,FALSE,65,cluster_2,0.31,20
50,25,Andreas Seppi,$1.594,Tommy Haas,May 5 2013,ATP World Tour Masters 1000 Madrid,R64,Tommy Haas,FALSE,66,cluster_3,1.76,17
59,15,Stan Wawrinka,$1.158,Rafael Nadal,May 5 2013,ATP World Tour Masters 1000 Madrid,F,Rafael Nadal,FALSE,82,cluster_0,4.12,27
47,44,David Ferrer,$1.124,Rafael Nadal,May 5 2013,ATP World Tour Masters 1000 Madrid,Q,Rafael Nadal,FALSE,84,cluster_1,1.82,16
50,29,Mikhail Youzhny,$1.021,Rafael Nadal,May 5 2013,ATP World Tour Masters 1000 Madrid,R16,Rafael Nadal,FALSE,86,cluster_4,5.16,21
70,37,Roger Federer,$4.415,Kei Nishikori,May 5 2013,ATP World Tour Masters 1000 Madrid,R16,Kei Nishikori,FALSE,46,cluster_0,0.07,9
65,34,Fernando Verdasco,$1.388,Fernando Verdasco,May 5 2013,ATP World Tour Masters 1000 Madrid,R32,Milos Raonic,FALSE,30,cluster_0,0.92,12
62,47,Tommy Haas,$2.547,Tommy Haas,May 5 2013,ATP World Tour Masters 1000 Madrid,R32,Tommy Robredo,FALSE,52,cluster_3,-0.64,8
75,50,Tommy Haas,$2.566,Tommy Haas,May 5 2013,ATP World Tour Masters 1000 Madrid,R64,Andreas Seppi,FALSE,58,cluster_3,-1.34,12
64,43,Stan Wawrinka,$2.428,Stan Wawrinka,May 5 2013,ATP World Tour Masters 1000 Madrid,Q,Jo-Wilfried Tsonga,FALSE,26,cluster_0,-0.12,5
63,31,Fernando Verdasco,$1.389,Jo-Wilfried Tsonga,May 5 2013,ATP World Tour Masters 1000 Madrid,R16,Jo-Wilfried Tsonga,FALSE,27,cluster_1,0.53,10
68,36,Jo-Wilfried Tsonga,$3.364,Jo-Wilfried Tsonga,May 5 2013,ATP World Tour Masters 1000 Madrid,R16,Fernando Verdasco,FALSE,56,cluster_3,-0.54,21
65,34,Milos Raonic,$3.375,Fernando Verdasco,May 5 2013,ATP World Tour Masters 1000 Madrid,R32,Fernando Verdasco,FALSE,57,cluster_3,-0.28,18
68,36,Tomas Berdych,$1.995,Stan Wawrinka,May 5 2013,ATP World Tour Masters 1000 Madrid,S,Stan Wawrinka,FALSE,50,cluster_3,-0.69,13
56,35,Jo-Wilfried Tsonga,$1.653,Stan Wawrinka,May 5 2013,ATP World Tour Masters 1000 Madrid,Q,Stan Wawrinka,FALSE,52,cluster_2,2.32,23
60,35,Grigor Dimitrov,$1.503,Stan Wawrinka,May 5 2013,ATP World Tour Masters 1000 Madrid,R16,Stan Wawrinka,FALSE,53,cluster_2,1.94,23
70,50,Rafael Nadal,$26.377,Rafael Nadal,May 5 2013,ATP World Tour Masters 1000 Madrid,R16,Mikhail Youzhny,FALSE,57,cluster_2,-1.55,11
65,40,Nicolas Almagro,$4.779,Mikhail Youzhny,May 5 2013,ATP World Tour Masters 1000 Madrid,R32,Mikhail Youzhny,FALSE,58,cluster_0,-0.13,19
59,34,Mikhail Youzhny,$1.238,Mikhail Youzhny,May 12 2013,ATP World Tour Masters 1000 Madrid,R32,Nicolas Almagro,FALSE,17,cluster_4,0.64,7
63,29,Marin Cilic,$2.757,Kevin Anderson,May 12 2013,ATP World Tour Masters 1000 Rome,R32,Kevin Anderson,FALSE,23,cluster_1,-0.39,9
63,39,Tomas Berdych,$3.510,Tomas Berdych,May 12 2013,ATP World Tour Masters 1000 Madrid,R16,Kevin Anderson,FALSE,26,cluster_0,-0.18,9
51,25,Kei Nishikori,$3.003,Jeremy Chardy,May 12 2013,ATP World Tour Masters 1000 Rome,R32,Jeremy Chardy,FALSE,24,cluster_4,1.7,12
70,36,Kevin Anderson,$1.528,Kevin Anderson,May 12 2013,ATP World Tour Masters 1000 Rome,R32,Marin Cilic,FALSE,45,cluster_0,-0.38,16
76,41,Richard Gasquet,$2.086,Richard Gasquet,May 12 2013,ATP World Tour Masters 1000 Rome,R32,Grigor Dimitrov,FALSE,63,cluster_3,-0.1,12
63,35,Tomas Berdych,$1.188,Tomas Berdych,May 12 2013,ATP World Tour Masters 1000 Rome,Q,Novak Djokovic,FALSE,76,cluster_4,1.24,24
56,45,Rafael Nadal,$6.520,Rafael Nadal,May 12 2013,ATP World Tour Masters 1000 Rome,Q,David Ferrer,FALSE,72,cluster_4,0.61,9
62,37,Fernando Verdasco,$1.192,David Ferrer,May 12 2013,ATP World Tour Masters 1000 Rome,R32,David Ferrer,FALSE,75,cluster_1,0.43,26
58,23,Grigor Dimitrov,$1.860,Richard Gasquet,May 12 2013,ATP World Tour Masters 1000 Rome,R32,Richard Gasquet,FALSE,56,cluster_4,0.63,15
58,40,Rafael Nadal,$11.748,Rafael Nadal,May 12 2013,ATP World Tour Masters 1000 Rome,R16,Ernests Gulbis,FALSE,62,cluster_1,-0.45,6
67,46,Mikhail Youzhny,$1.444,Mikhail Youzhny,May 12 2013,ATP World Tour Masters 1000 Rome,R64,Tommy Haas,FALSE,63,cluster_1,-1.14,17
45,28,Roger Federer,$1.224,Rafael Nadal,May 12 2013,ATP World Tour Masters 1000 Rome,F,Rafael Nadal,FALSE,75,cluster_4,4.29,21
58,17,Tomas Berdych,$1.185,Rafael Nadal,May 12 2013,ATP World Tour Masters 1000 Rome,S,Rafael Nadal,FALSE,76,cluster_0,4.19,28
55,43,David Ferrer,$1.158,Rafael Nadal,May 12 2013,ATP World Tour Masters 1000 Rome,Q,Rafael Nadal,FALSE,77,cluster_1,1.54,14
59,41,Ernests Gulbis,$1.073,Rafael Nadal,May 12 2013,ATP World Tour Masters 1000 Rome,R16,Rafael Nadal,FALSE,78,cluster_3,1.52,20
74,48,Jeremy Chardy,$1.462,Jeremy Chardy,May 12 2013,ATP World Tour Masters 1000 Rome,R32,Kei Nishikori,FALSE,41,cluster_1,-0.59,10
62,38,David Ferrer,$5.624,David Ferrer,May 12 2013,ATP World Tour Masters 1000 Rome,R32,Fernando Verdasco,FALSE,54,cluster_0,0.32,10
53,32,Tommy Haas,$3.084,Mikhail Youzhny,May 12 2013,ATP World Tour Masters 1000 Rome,R64,Mikhail Youzhny,FALSE,56,cluster_1,1.32,20
64,36,Novak Djokovic,$5.701,Tomas Berdych,May 19 2013,ATP World Tour Masters 1000 Rome,Q,Tomas Berdych,FALSE,70,cluster_4,-0.7,9
58,30,Kevin Anderson,$1.325,Tomas Berdych,May 19 2013,ATP World Tour Masters 1000 Rome,R16,Tomas Berdych,FALSE,71,cluster_1,2.06,27
63,31,Stan Wawrinka,$1.939,Stan Wawrinka,May 19 2013,ATP World Tour Masters 1000 Madrid,S,Tomas Berdych,FALSE,73,cluster_1,1.07,24
62,39,Tommy Robredo,$1.221,Tommy Robredo,May 27 2013,French Open Slam,Round of 16,Nicolas Almagro,FALSE,10,cluster_3,0.15,3
54,26,Andreas Seppi,$1.219,Nicolas Almagro,May 27 2013,French Open Slam,Round of 32,Nicolas Almagro,FALSE,11,cluster_0,0.19,2
79,39,Jo-Wilfried Tsonga,$4.290,Jo-Wilfried Tsonga,May 27 2013,French Open Slam,Round of 32,Jeremy Chardy,FALSE,16,cluster_1,-0.08,3
73,50,Novak Djokovic,$9.817,Novak Djokovic,May 27 2013,French Open Slam,Round of 32,Grigor Dimitrov,FALSE,60,cluster_3,-0.73,7
68,39,Rafael Nadal,$2.582,Rafael Nadal,May 27 2013,French Open Slam,Semi Final,Novak Djokovic,FALSE,64,cluster_4,0.74,17
57,19,Tommy Haas,$1.110,Novak Djokovic,May 27 2013,French Open Slam,Quarter Final,Novak Djokovic,FALSE,65,cluster_0,3.29,16
50,27,Grigor Dimitrov,$1.093,Novak Djokovic,May 27 2013,French Open Slam,Round of 32,Novak Djokovic,FALSE,69,cluster_2,3.21,26
52,34,Jo-Wilfried Tsonga,$1.682,David Ferrer,May 27 2013,French Open Slam,Semi Final,David Ferrer,FALSE,62,cluster_3,2.81,26
46,24,Tommy Robredo,$1.085,David Ferrer,May 27 2013,French Open Slam,Quarter Final,David Ferrer,FALSE,67,cluster_0,3.21,18
48,27,Kevin Anderson,$1.170,David Ferrer,May 27 2013,French Open Slam,Round of 16,David Ferrer,FALSE,68,cluster_0,3.38,21
70,36,Stan Wawrinka,$2.125,Stan Wawrinka,May 27 2013,French Open Slam,Round of 16,Richard Gasquet,FALSE,51,cluster_3,-0.89,10
64,35,Gael Monfils,$1.735,Gael Monfils,May 27 2013,French Open Slam,Round of 64,Ernests Gulbis,FALSE,60,cluster_4,1.18,26
43,37,Mikhail Youzhny,$1.823,Tommy Haas,May 27 2013,French Open Slam,Round of 16,Tommy Haas,FALSE,58,cluster_3,1.44,13
68,27,John Isner,$1.373,Tommy Haas,May 27 2013,French Open Slam,Round of 32,Tommy Haas,FALSE,59,cluster_4,0.75,23
73,32,Tommy Haas,$3.467,Tommy Haas,May 27 2013,French Open Slam,Round of 32,John Isner,FALSE,58,cluster_1,-0.28,9
66,40,Tommy Robredo,$1.513,Tommy Robredo,May 27 2013,French Open Slam,Round of 32,Gael Monfils,FALSE,47,cluster_4,0.05,11
65,36,Ernests Gulbis,$2.269,Gael Monfils,May 27 2013,French Open Slam,Round of 64,Gael Monfils,FALSE,48,cluster_4,-0.28,10
68,28,Tomas Berdych,$4.580,Gael Monfils,May 27 2013,French Open Slam,Round of 128,Gael Monfils,FALSE,49,cluster_3,1.07,14
46,38,David Ferrer,$1.114,Rafael Nadal,May 27 2013,French Open Slam,Final,Rafael Nadal,FALSE,64,cluster_1,0.89,11
61,33,Novak Djokovic,$1.588,Rafael Nadal,May 27 2013,French Open Slam,Semi Final,Rafael Nadal,FALSE,65,cluster_2,1.48,21
48,30,Stan Wawrinka,$1.065,Rafael Nadal,May 27 2013,French Open Slam,Quarter Final,Rafael Nadal,FALSE,66,cluster_4,4.07,20
54,29,Kei Nishikori,$1.041,Rafael Nadal,May 27 2013,French Open Slam,Round of 16,Rafael Nadal,FALSE,69,cluster_2,1.64,23
71,46,Rafael Nadal,$17.789,Rafael Nadal,May 27 2013,French Open Slam,Round of 16,Kei Nishikori,FALSE,30,cluster_1,-0.42,4
75,40,Kevin Anderson,$1.698,Kevin Anderson,May 27 2013,French Open Slam,Round of 32,Milos Raonic,FALSE,23,cluster_3,-0.53,9
61,38,Nicolas Almagro,$5.047,Tommy Robredo,May 27 2013,French Open Slam,Round of 16,Tommy Robredo,FALSE,48,cluster_0,0.88,15
60,34,Gael Monfils,$2.809,Tommy Robredo,May 27 2013,French Open Slam,Round of 32,Tommy Robredo,FALSE,49,cluster_0,0.23,22
74,46,Nicolas Almagro,$5.085,Nicolas Almagro,May 27 2013,French Open Slam,Round of 32,Andreas Seppi,FALSE,53,cluster_3,-0.93,10
66,48,David Ferrer,$2.367,David Ferrer,May 27 2013,French Open Slam,Semi Final,Jo-Wilfried Tsonga,FALSE,9,cluster_0,-0.11,2
53,26,Roger Federer,$2.480,Jo-Wilfried Tsonga,May 27 2013,French Open Slam,Quarter Final,Jo-Wilfried Tsonga,FALSE,11,cluster_2,0.3,4
61,21,Jeremy Chardy,$1.276,Jo-Wilfried Tsonga,May 27 2013,French Open Slam,Round of 32,Jo-Wilfried Tsonga,FALSE,16,cluster_2,0.83,5
70,52,Rafael Nadal,$12.872,Rafael Nadal,May 27 2013,French Open Slam,Quarter Final,Stan Wawrinka,FALSE,40,cluster_3,-0.29,6
64,30,Richard Gasquet,$1.830,Stan Wawrinka,May 27 2013,French Open Slam,Round of 16,Stan Wawrinka,FALSE,41,cluster_2,1.81,18
63,57,Tommy Haas,$2.135,Tommy Haas,May 27 2013,French Open Slam,Round of 16,Mikhail Youzhny,FALSE,51,cluster_2,-0.95,14
73,52,David Ferrer,$6.153,David Ferrer,Jun 10 2013,French Open Slam,Round of 16,Kevin Anderson,FALSE,12,cluster_4,-0.61,3
60,25,Milos Raonic,$2.337,Kevin Anderson,Jun 10 2013,French Open Slam,Round of 32,Kevin Anderson,FALSE,16,cluster_2,0.17,5
69,41,Tomas Berdych,$3.814,Tomas Berdych,Jun 10 2013,ATP World Tour Masters 1000 Rome,R16,Kevin Anderson,FALSE,20,cluster_4,-0.97,6
72,32,Gael Monfils,$1.252,Gael Monfils,Jun 10 2013,French Open Slam,Round of 128,Tomas Berdych,FALSE,69,cluster_1,2.1,26
55,36,Lleyton Hewitt,$1.713,Marin Cilic,Jun 10 2013,London / Queen's Club,S,Marin Cilic,FALSE,38,cluster_1,0.76,7
70,29,Tomas Berdych,$3.326,Marin Cilic,Jun 10 2013,London / Queen's Club,Q,Marin Cilic,FALSE,39,cluster_0,-0.39,14
62,40,Lleyton Hewitt,$1.431,Lleyton Hewitt,Jun 10 2013,London / Queen's Club,Q,Juan Martin Del Potro,FALSE,1,cluster_1,0,0
73,41,Lleyton Hewitt,$1.484,Lleyton Hewitt,Jun 10 2013,London / Queen's Club,R32,Grigor Dimitrov,FALSE,58,cluster_3,-0.5,4
65,24,Mikhail Youzhny,$1.153,Roger Federer,Jun 10 2013,Halle,F,Roger Federer,FALSE,28,cluster_0,1.18,10
63,28,Tommy Haas,$1.367,Roger Federer,Jun 10 2013,Halle,S,Roger Federer,FALSE,31,cluster_0,1.29,11
74,39,Mikhail Youzhny,$1.559,Mikhail Youzhny,Jun 10 2013,Halle,S,Richard Gasquet,FALSE,48,cluster_3,-0.65,11
79,36,Tommy Haas,$2.860,Tommy Haas,Jun 10 2013,Halle,R16,Ernests Gulbis,FALSE,58,cluster_2,-0.8,18
71,36,Roger Federer,$3.501,Roger Federer,Jun 10 2013,Halle,S,Tommy Haas,FALSE,55,cluster_4,0.9,19
66,24,Gael Monfils,$1.426,Tommy Haas,Jun 10 2013,Halle,Q,Tommy Haas,FALSE,56,cluster_0,0.96,12
63,20,Ernests Gulbis,$1.498,Tommy Haas,Jun 10 2013,Halle,R16,Tommy Haas,FALSE,57,cluster_0,1.06,13
63,44,Marin Cilic,$2.308,Marin Cilic,Jun 10 2013,London / Queen's Club,S,Lleyton Hewitt,FALSE,39,cluster_2,-0.38,9
59,37,Juan Martin Del Potro,$3.141,Lleyton Hewitt,Jun 10 2013,London / Queen's Club,Q,Lleyton Hewitt,FALSE,40,cluster_1,1.21,17
58,26,Grigor Dimitrov,$2.912,Lleyton Hewitt,Jun 10 2013,London / Queen's Club,R32,Lleyton Hewitt,FALSE,42,cluster_1,1.3,19
59,26,Milos Raonic,$2.730,Gael Monfils,Jun 10 2013,Halle,R32,Gael Monfils,FALSE,46,cluster_3,0.93,12
66,35,Mikhail Youzhny,$1.691,Mikhail Youzhny,Jun 10 2013,Halle,R16,Kei Nishikori,FALSE,29,cluster_0,0.02,8
74,40,Gael Monfils,$1.510,Gael Monfils,Jun 10 2013,Halle,R32,Milos Raonic,FALSE,22,cluster_3,-0.39,8
75,34,Roger Federer,$6.678,Roger Federer,Jun 10 2013,Halle,F,Mikhail Youzhny,FALSE,47,cluster_0,-0.12,9
60,25,Richard Gasquet,$2.662,Mikhail Youzhny,Jun 10 2013,Halle,S,Mikhail Youzhny,FALSE,48,cluster_3,1.38,15
65,33,Kei Nishikori,$2.350,Mikhail Youzhny,Jun 10 2013,Halle,R16,Mikhail Youzhny,FALSE,50,cluster_0,-0.47,12
74,32,Stan Wawrinka,$3.106,Stan Wawrinka,Jun 16 2013,s-Hertogenbosch,Q,Jeremy Chardy,FALSE,10,cluster_1,-0.16,2
67,25,Jeremy Chardy,$1.439,Stan Wawrinka,Jun 16 2013,s-Hertogenbosch,Q,Stan Wawrinka,FALSE,32,cluster_0,0.8,9
64,35,Kevin Anderson,$1.208,Tomas Berdych,Jun 24 2013,Wimbledon Slam,Round of 32,Tomas Berdych,FALSE,63,cluster_4,0.52,17
70,29,Marin Cilic,$1.396,Marin Cilic,Jun 24 2013,London / Queen's Club,Q,Tomas Berdych,FALSE,66,cluster_1,2.09,25
69,35,Novak Djokovic,$6.625,Novak Djokovic,Jun 24 2013,Wimbledon Slam,Semi Final,Juan Martin del Potro,FALSE,80,cluster_4,-1.26,19
60,24,David Ferrer,$2.135,Juan Martin del Potro,Jun 24 2013,Wimbledon Slam,Quarter Final,Juan Martin del Potro,FALSE,81,cluster_3,2.02,27
61,28,Andreas Seppi,$1.283,Juan Martin del Potro,Jun 24 2013,Wimbledon Slam,Round of 16,Juan Martin del Potro,FALSE,82,cluster_3,3.07,32
65,31,Juan Martin del Potro,$1.155,Novak Djokovic,Jun 24 2013,Wimbledon Slam,Semi Final,Novak Djokovic,FALSE,53,cluster_4,0.46,16
61,29,Tomas Berdych,$1.121,Novak Djokovic,Jun 24 2013,Wimbledon Slam,Quarter Final,Novak Djokovic,FALSE,54,cluster_2,1.97,18
53,31,Tommy Haas,$1.141,Novak Djokovic,Jun 24 2013,Wimbledon Slam,Round of 16,Novak Djokovic,FALSE,57,cluster_2,2.87,19
53,10,Jeremy Chardy,$1.033,Novak Djokovic,Jun 24 2013,Wimbledon Slam,Round of 32,Novak Djokovic,FALSE,58,cluster_0,2.48,13
76,40,Juan Martin del Potro,$1.823,Juan Martin del Potro,Jun 24 2013,Wimbledon Slam,Quarter Final,David Ferrer,FALSE,50,cluster_1,0.32,19
77,40,Fernando Verdasco,$1.644,Fernando Verdasco,Jun 24 2013,Wimbledon Slam,Round of 32,Ernests Gulbis,FALSE,55,cluster_2,-0.67,16
63,33,Jo-Wilfried Tsonga,$4.533,Ernests Gulbis,Jun 24 2013,Wimbledon Slam,Round of 64,Ernests Gulbis,FALSE,56,cluster_4,1.02,23
69,47,Novak Djokovic,$7.120,Novak Djokovic,Jun 24 2013,Wimbledon Slam,Round of 16,Tommy Haas,FALSE,51,cluster_1,-1.25,10
58,36,Stan Wawrinka,$2.380,Lleyton Hewitt,Jun 24 2013,Wimbledon Slam,Round of 128,Lleyton Hewitt,FALSE,38,cluster_1,1.26,13
64,40,Andreas Seppi,$1.373,Andreas Seppi,Jun 24 2013,Wimbledon Slam,Round of 32,Kei Nishikori,FALSE,21,cluster_4,0.24,5
72,39,Juan Martin del Potro,$4.205,Juan Martin del Potro,Jun 24 2013,Wimbledon Slam,Round of 16,Andreas Seppi,FALSE,45,cluster_0,-0.81,19
60,36,Kei Nishikori,$3.467,Andreas Seppi,Jun 24 2013,Wimbledon Slam,Round of 32,Andreas Seppi,FALSE,46,cluster_2,1.14,14
67,37,Ernests Gulbis,$1.256,Ernests Gulbis,Jun 24 2013,Wimbledon Slam,Round of 64,Jo-Wilfried Tsonga,FALSE,2,cluster_0,0,0
60,23,Ernests Gulbis,$2.447,Fernando Verdasco,Jun 24 2013,Wimbledon Slam,Round of 32,Fernando Verdasco,FALSE,46,cluster_2,1.49,17
64,42,Lleyton Hewitt,$1.676,Lleyton Hewitt,Jun 24 2013,Wimbledon Slam,Round of 128,Stan Wawrinka,FALSE,28,cluster_1,-0.11,6
71,39,Novak Djokovic,$8.023,Novak Djokovic,Jul 8 2013,Wimbledon Slam,Quarter Final,Tomas Berdych,FALSE,61,cluster_4,-0.61,7
68,38,Fernando Verdasco,$2.178,Fernando Verdasco,Jul 8 2013,Bastad,S,Grigor Dimitrov,FALSE,52,cluster_1,0.68,14
71,37,Tommy Haas,$2.394,Tommy Haas,Jul 8 2013,Stuttgart,R16,Ernests Gulbis,FALSE,53,cluster_2,-0.59,15
62,28,Ernests Gulbis,$1.669,Tommy Haas,Jul 8 2013,Stuttgart,R16,Tommy Haas,FALSE,50,cluster_4,0.34,18
56,32,John Isner,$2.188,Lleyton Hewitt,Jul 8 2013,Newport,S,Lleyton Hewitt,FALSE,33,cluster_1,0.96,13
67,43,Lleyton Hewitt,$1.786,Lleyton Hewitt,Jul 8 2013,Newport,S,John Isner,FALSE,52,cluster_2,-0.99,8
61,31,Grigor Dimitrov,$1.792,Fernando Verdasco,Jul 8 2013,Bastad,S,Fernando Verdasco,FALSE,40,cluster_2,1.13,13
57,39,Nicolas Almagro,$2.289,Fernando Verdasco,Jul 8 2013,Bastad,Q,Fernando Verdasco,FALSE,41,cluster_0,0.25,15
60,42,Fernando Verdasco,$1.724,Fernando Verdasco,Jul 15 2013,Bastad,Q,Nicolas Almagro,FALSE,84,cluster_3,-0.26,24
65,36,Tomas Berdych,$5.287,Tomas Berdych,Jul 15 2013,Wimbledon Slam,Round of 32,Kevin Anderson,FALSE,87,cluster_1,-1.09,35
75,33,Tommy Haas,$3.166,Tommy Haas,Jul 15 2013,Halle,Q,Gael Monfils,FALSE,44,cluster_4,0.13,10
70,32,John Isner,$2.144,John Isner,Jul 22 2013,Atlanta,S,Lleyton Hewitt,FALSE,28,cluster_0,-0.14,6
75,28,Kevin Anderson,$1.995,John Isner,Jul 22 2013,Atlanta,F,John Isner,FALSE,48,cluster_1,-0.52,12
67,29,Lleyton Hewitt,$1.816,John Isner,Jul 22 2013,Atlanta,S,John Isner,FALSE,49,cluster_3,0.47,9
59,38,Andreas Seppi,$1.592,Tommy Robredo,Jul 22 2013,Umag,S,Tommy Robredo,FALSE,39,cluster_0,0.85,14
61,40,Tommy Robredo,$2.571,Tommy Robredo,Jul 22 2013,Umag,S,Andreas Seppi,FALSE,42,cluster_0,-0.59,18
71,25,John Isner,$1.939,John Isner,Jul 29 2013,Atlanta,F,Kevin Anderson,FALSE,73,cluster_3,-0.85,23
58,27,John Isner,$1.307,Juan Martin Del Potro,Jul 29 2013,Washington,F,Juan Martin Del Potro,FALSE,75,cluster_3,1.52,28
62,37,Tommy Haas,$1.279,Juan Martin Del Potro,Jul 29 2013,Washington,S,Juan Martin Del Potro,FALSE,76,cluster_1,0.64,16
60,26,Kevin Anderson,$1.315,Juan Martin Del Potro,Jul 29 2013,Washington,Q,Juan Martin Del Potro,FALSE,77,cluster_3,1.67,29
75,27,Tommy Haas,$1.958,Tommy Haas,Jul 29 2013,Washington,Q,Grigor Dimitrov,FALSE,49,cluster_0,0.93,16
72,25,Grigor Dimitrov,$1.976,Tommy Haas,Jul 29 2013,Washington,Q,Tommy Haas,FALSE,43,cluster_4,0.31,17
73,39,Juan Martin Del Potro,$3.902,Juan Martin Del Potro,Aug 5 2013,Washington,Q,Kevin Anderson,FALSE,67,cluster_4,-2,17
71,36,Milos Raonic,$4.330,Milos Raonic,Aug 5 2013,ATP World Tour Masters 1000 Canada,R64,Jeremy Chardy,FALSE,81,cluster_3,-0.74,27
64,50,Milos Raonic,$1.657,Milos Raonic,Aug 5 2013,ATP World Tour Masters 1000 Canada,R16,Juan Martin Del Potro,FALSE,74,cluster_1,0.44,21
67,34,Rafael Nadal,$1.453,Rafael Nadal,Aug 5 2013,ATP World Tour Masters 1000 Canada,S,Novak Djokovic,FALSE,44,cluster_4,0.53,13
48,20,Richard Gasquet,$1.150,Novak Djokovic,Aug 5 2013,ATP World Tour Masters 1000 Canada,Q,Novak Djokovic,FALSE,47,cluster_3,4.14,14
60,40,Kei Nishikori,$1.639,Richard Gasquet,Aug 5 2013,ATP World Tour Masters 1000 Canada,R16,Richard Gasquet,FALSE,42,cluster_2,0.72,19
73,34,Mikhail Youzhny,$1.623,Mikhail Youzhny,Aug 5 2013,ATP World Tour Masters 1000 Cincinnati,R64,Ernests Gulbis,FALSE,47,cluster_2,-0.52,13
67,33,Milos Raonic,$2.357,Milos Raonic,Aug 5 2013,ATP World Tour Masters 1000 Canada,Q,Ernests Gulbis,FALSE,48,cluster_2,-0.51,16
62,37,Juan Martin Del Potro,$4.247,Juan Martin Del Potro,Aug 5 2013,Washington,S,Tommy Haas,FALSE,42,cluster_2,-0.28,14
72,41,Juan Martin Del Potro,$3.974,Juan Martin Del Potro,Aug 5 2013,Washington,F,John Isner,FALSE,43,cluster_2,-0.6,11
52,17,Milos Raonic,$1.221,Rafael Nadal,Aug 5 2013,ATP World Tour Masters 1000 Canada,F,Rafael Nadal,FALSE,49,cluster_0,2.42,17
65,32,Novak Djokovic,$3.042,Rafael Nadal,Aug 5 2013,ATP World Tour Masters 1000 Canada,S,Rafael Nadal,FALSE,51,cluster_2,1.21,17
59,40,Richard Gasquet,$2.457,Richard Gasquet,Aug 5 2013,ATP World Tour Masters 1000 Canada,R16,Kei Nishikori,FALSE,13,cluster_4,0.13,1
57,32,Andreas Seppi,$1.535,Kei Nishikori,Aug 5 2013,ATP World Tour Masters 1000 Canada,R32,Kei Nishikori,FALSE,14,cluster_4,0.14,2
67,32,Ernests Gulbis,$1.687,Milos Raonic,Aug 5 2013,ATP World Tour Masters 1000 Canada,Q,Milos Raonic,FALSE,5,cluster_0,-0.01,2
50,35,Juan Martin Del Potro,$2.418,Milos Raonic,Aug 5 2013,ATP World Tour Masters 1000 Canada,R16,Milos Raonic,FALSE,6,cluster_2,-0.07,2
66,16,Mikhail Youzhny,$1.700,Milos Raonic,Aug 5 2013,ATP World Tour Masters 1000 Canada,R32,Milos Raonic,FALSE,7,cluster_4,0.12,1
63,28,Jeremy Chardy,$1.272,Milos Raonic,Aug 5 2013,ATP World Tour Masters 1000 Canada,R64,Milos Raonic,FALSE,11,cluster_0,0.41,6
67,42,Kei Nishikori,$2.737,Kei Nishikori,Aug 5 2013,ATP World Tour Masters 1000 Canada,R32,Andreas Seppi,FALSE,40,cluster_0,-0.84,17
67,33,John Isner,$1.472,John Isner,Aug 12 2013,ATP World Tour Masters 1000 Cincinnati,S,Juan Martin Del Potro,FALSE,66,cluster_4,-0.58,23
64,39,Rafael Nadal,$6.217,Rafael Nadal,Aug 12 2013,ATP World Tour Masters 1000 Cincinnati,R16,Grigor Dimitrov,FALSE,45,cluster_1,-0.32,10
62,32,Nicolas Almagro,$2.086,Grigor Dimitrov,Aug 12 2013,ATP World Tour Masters 1000 Cincinnati,R64,Grigor Dimitrov,FALSE,47,cluster_1,0.7,11
75,32,John Isner,$1.128,John Isner,Aug 12 2013,ATP World Tour Masters 1000 Cincinnati,Q,Novak Djokovic,FALSE,37,cluster_4,0.33,11
70,34,Rafael Nadal,$3.874,Rafael Nadal,Aug 12 2013,ATP World Tour Masters 1000 Cincinnati,Q,Roger Federer,FALSE,8,cluster_2,-0.02,1
61,39,Tommy Haas,$1.423,Roger Federer,Aug 12 2013,ATP World Tour Masters 1000 Cincinnati,R16,Roger Federer,FALSE,9,cluster_1,0.07,3
70,21,Kevin Anderson,$1.930,Tommy Haas,Aug 12 2013,ATP World Tour Masters 1000 Cincinnati,R64,Tommy Haas,FALSE,40,cluster_0,0.26,5
72,19,John Isner,$1.234,Rafael Nadal,Aug 12 2013,ATP World Tour Masters 1000 Cincinnati,F,Rafael Nadal,FALSE,43,cluster_0,1.89,13
61,28,Tomas Berdych,$1.343,Rafael Nadal,Aug 12 2013,ATP World Tour Masters 1000 Cincinnati,S,Rafael Nadal,FALSE,44,cluster_0,1.98,14
65,29,Roger Federer,$1.318,Rafael Nadal,Aug 12 2013,ATP World Tour Masters 1000 Cincinnati,Q,Rafael Nadal,FALSE,45,cluster_2,1.29,16
60,35,Grigor Dimitrov,$1.168,Rafael Nadal,Aug 12 2013,ATP World Tour Masters 1000 Cincinnati,R16,Rafael Nadal,FALSE,47,cluster_2,1.89,21
74,34,John Isner,$2.289,John Isner,Aug 12 2013,ATP World Tour Masters 1000 Cincinnati,R16,Milos Raonic,FALSE,1,cluster_3,0,0
58,37,Stan Wawrinka,$3.178,Tommy Robredo,Aug 12 2013,ATP World Tour Masters 1000 Cincinnati,R32,Tommy Robredo,FALSE,37,cluster_0,0.7,14
78,43,Stan Wawrinka,$3.219,Stan Wawrinka,Aug 12 2013,ATP World Tour Masters 1000 Cincinnati,R64,Andreas Seppi,FALSE,39,cluster_3,-0.77,6
62,41,Tommy Robredo,$1.424,Tommy Robredo,Aug 12 2013,ATP World Tour Masters 1000 Cincinnati,R32,Stan Wawrinka,FALSE,18,cluster_1,-0.16,3
56,21,Andreas Seppi,$1.416,Stan Wawrinka,Aug 12 2013,ATP World Tour Masters 1000 Cincinnati,R64,Stan Wawrinka,FALSE,19,cluster_0,0.12,5
65,26,Ernests Gulbis,$2.494,Mikhail Youzhny,Aug 12 2013,ATP World Tour Masters 1000 Cincinnati,R64,Mikhail Youzhny,FALSE,35,cluster_3,0.75,7
71,38,Rafael Nadal,$3.668,Rafael Nadal,Aug 18 2013,ATP World Tour Masters 1000 Cincinnati,S,Tomas Berdych,FALSE,53,cluster_4,-0.52,6
51,28,Tommy Robredo,$1.224,Tomas Berdych,Aug 18 2013,ATP World Tour Masters 1000 Cincinnati,R16,Tomas Berdych,FALSE,55,cluster_0,1.66,10
80,27,Rafael Nadal,$4.835,Rafael Nadal,Aug 18 2013,ATP World Tour Masters 1000 Cincinnati,F,John Isner,FALSE,36,cluster_1,-0.64,5
66,32,Juan Martin Del Potro,$2.962,John Isner,Aug 18 2013,ATP World Tour Masters 1000 Cincinnati,S,John Isner,FALSE,37,cluster_3,0.17,10
67,24,Novak Djokovic,$7.668,John Isner,Aug 18 2013,ATP World Tour Masters 1000 Cincinnati,Q,John Isner,FALSE,38,cluster_0,0.16,14
65,25,Milos Raonic,$1.724,John Isner,Aug 18 2013,ATP World Tour Masters 1000 Cincinnati,R16,John Isner,FALSE,39,cluster_0,0.51,17
67,25,Richard Gasquet,$2.057,John Isner,Aug 18 2013,ATP World Tour Masters 1000 Cincinnati,R32,John Isner,FALSE,40,cluster_0,0.69,14
62,30,Tommy Robredo,$1.611,Gael Monfils,Aug 18 2013,Winston-Salem,R16,Gael Monfils,FALSE,33,cluster_3,0.94,10
72,48,Tomas Berdych,$4.996,Tomas Berdych,Aug 18 2013,ATP World Tour Masters 1000 Cincinnati,R16,Tommy Robredo,FALSE,36,cluster_3,-0.79,8
73,38,Gael Monfils,$2.337,Gael Monfils,Aug 18 2013,Winston-Salem,Q,Fernando Verdasco,FALSE,31,cluster_3,-0.23,10
67,37,Grigor Dimitrov,$1.860,Grigor Dimitrov,Aug 26 2013,ATP World Tour Masters 1000 Cincinnati,R64,Nicolas Almagro,FALSE,72,cluster_3,-0.99,18
78,29,Tommy Haas,$2.004,Tommy Haas,Aug 26 2013,ATP World Tour Masters 1000 Cincinnati,R64,Kevin Anderson,FALSE,62,cluster_3,0.39,10
67,39,Stan Wawrinka,$1.373,Stan Wawrinka,Aug 26 2013,US Open Slam,Round of 16,Tomas Berdych,FALSE,49,cluster_4,-0.43,7
63,41,Lleyton Hewitt,$1.114,Lleyton Hewitt,Aug 26 2013,US Open Slam,Round of 64,Juan Martin del Potro,FALSE,61,cluster_1,0.03,7
62,45,Rafael Nadal,$2.236,Rafael Nadal,Aug 26 2013,US Open Slam,Final,Novak Djokovic,FALSE,22,cluster_4,0.58,6
60,36,Stan Wawrinka,$1.220,Novak Djokovic,Aug 26 2013,US Open Slam,Semi Final,Novak Djokovic,FALSE,23,cluster_4,-0.11,4
53,34,Mikhail Youzhny,$1.040,Novak Djokovic,Aug 26 2013,US Open Slam,Quarter Final,Novak Djokovic,FALSE,26,cluster_1,1.42,9
62,37,Tommy Robredo,$1.052,Tommy Robredo,Aug 26 2013,US Open Slam,Round of 16,Roger Federer,FALSE,2,cluster_1,0.08,1
62,40,Richard Gasquet,$1.421,Richard Gasquet,Aug 26 2013,US Open Slam,Quarter Final,David Ferrer,FALSE,33,cluster_1,0.35,10
60,38,David Ferrer,$3.194,Richard Gasquet,Aug 26 2013,US Open Slam,Quarter Final,Richard Gasquet,FALSE,36,cluster_2,0.76,10
65,38,Milos Raonic,$2.197,Richard Gasquet,Aug 26 2013,US Open Slam,Round of 16,Richard Gasquet,FALSE,37,cluster_2,0.35,15
74,32,John Isner,$1.884,John Isner,Aug 26 2013,ATP World Tour Masters 1000 Cincinnati,R32,Richard Gasquet,FALSE,41,cluster_3,-0.63,9
61,38,Roger Federer,$3.184,Roger Federer,Aug 26 2013,ATP World Tour Masters 1000 Cincinnati,R16,Tommy Haas,FALSE,38,cluster_2,0.06,12
58,42,Mikhail Youzhny,$2.567,Mikhail Youzhny,Aug 26 2013,US Open Slam,Round of 16,Lleyton Hewitt,FALSE,23,cluster_4,-0.07,8
59,37,Juan Martin del Potro,$8.377,Lleyton Hewitt,Aug 26 2013,US Open Slam,Round of 64,Lleyton Hewitt,FALSE,25,cluster_1,0.69,8
69,28,Gael Monfils,$1.424,John Isner,Aug 26 2013,US Open Slam,Round of 64,John Isner,FALSE,35,cluster_0,0.37,14
61,26,Fernando Verdasco,$1.698,Gael Monfils,Aug 26 2013,Winston-Salem,Q,Gael Monfils,FALSE,32,cluster_3,0.81,9
55,38,Novak Djokovic,$1.755,Rafael Nadal,Aug 26 2013,US Open Slam,Final,Rafael Nadal,FALSE,30,cluster_2,0.67,10
62,29,Richard Gasquet,$1.070,Rafael Nadal,Aug 26 2013,US Open Slam,Semi Final,Rafael Nadal,FALSE,32,cluster_2,1.48,13
44,24,Tommy Robredo,$1.052,Rafael Nadal,Aug 26 2013,US Open Slam,Quarter Final,Rafael Nadal,FALSE,33,cluster_4,2.69,12
62,35,Richard Gasquet,$1.780,Richard Gasquet,Aug 26 2013,US Open Slam,Round of 16,Milos Raonic,FALSE,80,cluster_0,1.95,28
63,38,Roger Federer,$15.130,Tommy Robredo,Aug 26 2013,US Open Slam,Round of 16,Tommy Robredo,FALSE,30,cluster_0,0.54,10
69,37,Gael Monfils,$2.523,Gael Monfils,Aug 26 2013,Winston-Salem,R16,Tommy Robredo,FALSE,34,cluster_4,-0.65,9
61,33,Tomas Berdych,$3.467,Stan Wawrinka,Aug 26 2013,US Open Slam,Round of 16,Stan Wawrinka,FALSE,9,cluster_2,0.47,5
64,40,Novak Djokovic,$5.170,Novak Djokovic,Aug 26 2013,US Open Slam,Semi Final,Stan Wawrinka,FALSE,69,cluster_1,-0.78,16
58,42,Lleyton Hewitt,$1.594,Mikhail Youzhny,Aug 26 2013,US Open Slam,Round of 16,Mikhail Youzhny,FALSE,30,cluster_4,-0.06,4
57,36,Tommy Haas,$2.762,Mikhail Youzhny,Aug 26 2013,US Open Slam,Round of 32,Mikhail Youzhny,FALSE,31,cluster_1,0.52,10
54,28,Milos Raonic,$1.059,Novak Djokovic,Sep 13 2013,Davis Cup,Reverse Singles,Novak Djokovic,FALSE,20,cluster_2,0.55,5
72,46,Novak Djokovic,$13.683,Novak Djokovic,Sep 13 2013,Davis Cup,Reverse Singles,Milos Raonic,FALSE,78,cluster_3,-1.86,19
66,47,Novak Djokovic,$17.000,Novak Djokovic,Sep 16 2013,US Open Slam,Quarter Final,Mikhail Youzhny,FALSE,29,cluster_2,-0.96,6
51,29,Mikhail Youzhny,$1.680,Richard Gasquet,Sep 23 2013,Bangkok,Q,Richard Gasquet,FALSE,33,cluster_0,1.12,9
71,38,Rafael Nadal,$12.500,Rafael Nadal,Sep 23 2013,US Open Slam,Semi Final,Richard Gasquet,FALSE,35,cluster_3,-0.94,8
77,18,Tomas Berdych,$2.581,Milos Raonic,Sep 23 2013,Bangkok,F,Milos Raonic,FALSE,74,cluster_1,0.4,22
78,32,Richard Gasquet,$2.067,Milos Raonic,Sep 23 2013,Bangkok,S,Milos Raonic,FALSE,75,cluster_3,-0.24,29
60,36,Kei Nishikori,$2.691,Nicolas Almagro,Sep 30 2013,Tokyo,Q,Nicolas Almagro,FALSE,66,cluster_4,1.98,25
52,40,John Isner,$1.467,Tomas Berdych,Sep 30 2013,Beijing,Q,Tomas Berdych,FALSE,43,cluster_3,1.03,14
78,30,Milos Raonic,$1.724,Juan Martin Del Potro,Sep 30 2013,Tokyo,F,Juan Martin Del Potro,FALSE,51,cluster_4,-0.59,21
70,25,Nicolas Almagro,$1.300,Juan Martin Del Potro,Sep 30 2013,Tokyo,S,Juan Martin Del Potro,FALSE,55,cluster_3,1.87,20
63,13,Rafael Nadal,$1.806,Novak Djokovic,Sep 30 2013,Beijing,F,Novak Djokovic,FALSE,12,cluster_0,0.15,1
53,28,Richard Gasquet,$1.109,Novak Djokovic,Sep 30 2013,Beijing,S,Novak Djokovic,FALSE,13,cluster_2,0.12,1
60,32,Fernando Verdasco,$1.054,Novak Djokovic,Sep 30 2013,Beijing,R16,Novak Djokovic,FALSE,18,cluster_2,0.56,4
66,41,Richard Gasquet,$1.976,Richard Gasquet,Sep 30 2013,Beijing,Q,David Ferrer,FALSE,26,cluster_1,0.45,7
58,33,David Ferrer,$1.958,Richard Gasquet,Sep 30 2013,Beijing,Q,Richard Gasquet,FALSE,29,cluster_2,0.51,7
67,21,Milos Raonic,$1.875,Milos Raonic,Sep 30 2013,Bangkok,S,Richard Gasquet,FALSE,32,cluster_4,0.46,10
64,43,Mikhail Youzhny,$1.527,Mikhail Youzhny,Sep 30 2013,US Open Slam,Round of 32,Tommy Haas,FALSE,35,cluster_2,0.13,11
54,41,Tommy Haas,$2.579,Lleyton Hewitt,Sep 30 2013,Beijing,R32,Lleyton Hewitt,FALSE,21,cluster_4,-0.12,7
42,47,Tomas Berdych,$1.265,Rafael Nadal,Sep 30 2013,Beijing,S,Rafael Nadal,FALSE,24,cluster_1,0.65,6
70,21,Juan Martin Del Potro,$2.289,Juan Martin Del Potro,Sep 30 2013,Tokyo,F,Milos Raonic,FALSE,68,cluster_1,0.31,21
59,14,Jeremy Chardy,$1.218,Milos Raonic,Sep 30 2013,Tokyo,R16,Milos Raonic,FALSE,72,cluster_4,3.86,25
69,37,Stan Wawrinka,$5.132,Stan Wawrinka,Sep 30 2013,Beijing,R32,Andreas Seppi,FALSE,33,cluster_0,-0.69,13
63,30,Gael Monfils,$1.543,Jo-Wilfried Tsonga,Sep 30 2013,Tokyo,R32,Jo-Wilfried Tsonga,FALSE,74,cluster_1,-0.02,29
62,30,Andreas Seppi,$1.216,Stan Wawrinka,Sep 30 2013,Beijing,R32,Stan Wawrinka,FALSE,61,cluster_2,2.46,25
70,48,Richard Gasquet,$2.370,Richard Gasquet,Sep 30 2013,Bangkok,Q,Mikhail Youzhny,FALSE,24,cluster_2,-0.78,5
70,26,Tomas Berdych,$3.334,Nicolas Almagro,Oct 6 2013,ATP World Tour Masters 1000 Shanghai,R16,Nicolas Almagro,FALSE,57,cluster_1,-0.18,15
62,21,Jeremy Chardy,$1.417,Nicolas Almagro,Oct 6 2013,ATP World Tour Masters 1000 Shanghai,R32,Nicolas Almagro,FALSE,61,cluster_2,2.06,16
75,29,Juan Martin Del Potro,$4.033,Juan Martin Del Potro,Oct 6 2013,Tokyo,S,Nicolas Almagro,FALSE,63,cluster_1,-0.14,16
73,29,Nicolas Almagro,$1.395,Nicolas Almagro,Oct 6 2013,ATP World Tour Masters 1000 Shanghai,R16,Tomas Berdych,FALSE,41,cluster_1,1.04,11
78,37,Nicolas Almagro,$3.212,Nicolas Almagro,Oct 6 2013,ATP World Tour Masters 1000 Shanghai,R32,Jeremy Chardy,FALSE,64,cluster_1,-0.56,11
71,38,Novak Djokovic,$3.431,Novak Djokovic,Oct 6 2013,ATP World Tour Masters 1000 Shanghai,F,Juan Martin Del Potro,FALSE,46,cluster_4,-0.89,13
56,33,Rafael Nadal,$3.814,Juan Martin Del Potro,Oct 6 2013,ATP World Tour Masters 1000 Shanghai,S,Juan Martin Del Potro,FALSE,47,cluster_0,1.13,13
59,24,Nicolas Almagro,$1.459,Juan Martin Del Potro,Oct 6 2013,ATP World Tour Masters 1000 Shanghai,Q,Juan Martin Del Potro,FALSE,48,cluster_2,1.76,8
70,41,Kei Nishikori,$2.269,Kei Nishikori,Oct 6 2013,ATP World Tour Masters 1000 Shanghai,R64,Grigor Dimitrov,FALSE,42,cluster_3,-0.25,3
48,35,Jo-Wilfried Tsonga,$1.189,Novak Djokovic,Oct 6 2013,ATP World Tour Masters 1000 Shanghai,S,Novak Djokovic,FALSE,71,cluster_1,3.57,18
59,30,Gael Monfils,$1.093,Novak Djokovic,Oct 6 2013,ATP World Tour Masters 1000 Shanghai,Q,Novak Djokovic,FALSE,72,cluster_2,3.55,28
58,34,Andreas Seppi,$1.182,Roger Federer,Oct 6 2013,ATP World Tour Masters 1000 Shanghai,R32,Roger Federer,FALSE,1,cluster_1,0,0
71,46,Novak Djokovic,$8.672,Novak Djokovic,Oct 6 2013,Beijing,S,Richard Gasquet,FALSE,28,cluster_1,-0.22,4
58,45,Lleyton Hewitt,$1.589,Lleyton Hewitt,Oct 6 2013,Beijing,R32,Tommy Haas,FALSE,34,cluster_2,0.01,7
72,47,Andreas Seppi,$1.636,Andreas Seppi,Oct 6 2013,ATP World Tour Masters 1000 Shanghai,R64,Lleyton Hewitt,FALSE,20,cluster_2,-0.14,5
66,43,Juan Martin Del Potro,$1.325,Juan Martin Del Potro,Oct 6 2013,ATP World Tour Masters 1000 Shanghai,S,Rafael Nadal,FALSE,14,cluster_3,0.32,4
63,27,Stan Wawrinka,$1.206,Rafael Nadal,Oct 6 2013,ATP World Tour Masters 1000 Shanghai,Q,Rafael Nadal,FALSE,19,cluster_0,0.31,3
58,29,Grigor Dimitrov,$1.735,Kei Nishikori,Oct 6 2013,ATP World Tour Masters 1000 Shanghai,R64,Kei Nishikori,FALSE,68,cluster_2,3.05,17
63,39,Nicolas Almagro,$1.550,Nicolas Almagro,Oct 6 2013,Tokyo,Q,Kei Nishikori,FALSE,72,cluster_4,0.22,20
80,25,Stan Wawrinka,$1.875,Stan Wawrinka,Oct 6 2013,ATP World Tour Masters 1000 Shanghai,R16,Milos Raonic,FALSE,61,cluster_1,0.01,8
72,27,Fernando Verdasco,$1.466,Milos Raonic,Oct 6 2013,ATP World Tour Masters 1000 Shanghai,R32,Milos Raonic,FALSE,62,cluster_1,1.41,16
65,41,Roger Federer,$5.857,Roger Federer,Oct 6 2013,ATP World Tour Masters 1000 Shanghai,R32,Andreas Seppi,FALSE,31,cluster_0,-0.63,12
52,28,Lleyton Hewitt,$2.465,Andreas Seppi,Oct 6 2013,ATP World Tour Masters 1000 Shanghai,R64,Andreas Seppi,FALSE,32,cluster_2,1.03,9
53,21,Kei Nishikori,$1.671,Jo-Wilfried Tsonga,Oct 6 2013,ATP World Tour Masters 1000 Shanghai,R16,Jo-Wilfried Tsonga,FALSE,71,cluster_2,3.35,24
67,39,Novak Djokovic,$14.612,Novak Djokovic,Oct 6 2013,Beijing,R16,Fernando Verdasco,FALSE,26,cluster_3,-0.21,7
72,36,Rafael Nadal,$5.327,Rafael Nadal,Oct 6 2013,ATP World Tour Masters 1000 Shanghai,Q,Stan Wawrinka,FALSE,55,cluster_3,-0.99,11
74,19,Milos Raonic,$2.067,Stan Wawrinka,Oct 6 2013,ATP World Tour Masters 1000 Shanghai,R16,Stan Wawrinka,FALSE,56,cluster_0,1.2,14
64,25,Kevin Anderson,$1.397,Stan Wawrinka,Oct 6 2013,ATP World Tour Masters 1000 Shanghai,R32,Stan Wawrinka,FALSE,59,cluster_0,1.5,16
74,35,Stan Wawrinka,$3.323,Stan Wawrinka,Oct 14 2013,ATP World Tour Masters 1000 Shanghai,R32,Kevin Anderson,FALSE,53,cluster_1,-0.45,18
64,34,Ernests Gulbis,$3.911,Ernests Gulbis,Oct 14 2013,Stockholm,R32,Jeremy Chardy,FALSE,61,cluster_3,-0.47,19
60,40,David Ferrer,$2.480,Grigor Dimitrov,Oct 14 2013,Stockholm,F,Grigor Dimitrov,FALSE,37,cluster_1,-0.12,6
59,39,Grigor Dimitrov,$1.629,Grigor Dimitrov,Oct 14 2013,Stockholm,F,David Ferrer,FALSE,14,cluster_3,0.83,5
53,33,Ernests Gulbis,$1.958,David Ferrer,Oct 14 2013,Stockholm,S,David Ferrer,FALSE,19,cluster_3,0.95,7
66,46,David Ferrer,$1.976,David Ferrer,Oct 14 2013,Stockholm,S,Ernests Gulbis,FALSE,38,cluster_1,-0.24,4
65,35,Jeremy Chardy,$1.313,Ernests Gulbis,Oct 14 2013,Stockholm,R32,Ernests Gulbis,FALSE,41,cluster_4,1.14,15
69,36,Jo-Wilfried Tsonga,$2.712,Jo-Wilfried Tsonga,Oct 14 2013,Tokyo,R32,Gael Monfils,FALSE,28,cluster_4,0.13,5
72,31,John Isner,$3.178,John Isner,Oct 14 2013,US Open Slam,Round of 64,Gael Monfils,FALSE,29,cluster_4,-0.13,5
72,27,Milos Raonic,$2.985,Milos Raonic,Oct 14 2013,ATP World Tour Masters 1000 Shanghai,R32,Fernando Verdasco,FALSE,24,cluster_3,-0.11,7
76,40,Juan Martin Del Potro,$3.014,Juan Martin Del Potro,Oct 21 2013,ATP World Tour Masters 1000 Shanghai,Q,Nicolas Almagro,FALSE,56,cluster_1,-0.02,14
69,25,John Isner,$3.151,Jeremy Chardy,Oct 21 2013,Valencia,R16,Jeremy Chardy,FALSE,59,cluster_3,-0.55,17
64,34,Roger Federer,$1.773,Juan Martin Del Potro,Oct 21 2013,Basel,F,Juan Martin Del Potro,FALSE,38,cluster_3,0.67,12
70,40,Roger Federer,$2.996,Roger Federer,Oct 21 2013,Basel,Q,Grigor Dimitrov,FALSE,34,cluster_3,-0.17,2
59,29,Grigor Dimitrov,$1.464,Roger Federer,Oct 21 2013,Basel,Q,Roger Federer,FALSE,86,cluster_0,3.83,31
70,34,Gael Monfils,$1.325,Gael Monfils,Oct 21 2013,ATP World Tour Masters 1000 Shanghai,R16,Roger Federer,FALSE,91,cluster_2,0.75,21
57,22,Nicolas Almagro,$1.366,David Ferrer,Oct 21 2013,Valencia,S,David Ferrer,FALSE,8,cluster_2,0.34,3
48,25,Gael Monfils,$1.541,David Ferrer,Oct 21 2013,Valencia,R32,David Ferrer,FALSE,13,cluster_0,0.92,5
64,42,Mikhail Youzhny,$1.310,Mikhail Youzhny,Oct 21 2013,Valencia,F,David Ferrer,FALSE,84,cluster_1,0.7,29
70,36,John Isner,$1.683,John Isner,Oct 21 2013,Valencia,R32,Ernests Gulbis,FALSE,37,cluster_2,-0.38,14
75,30,Jeremy Chardy,$1.429,Jeremy Chardy,Oct 21 2013,Valencia,R16,John Isner,FALSE,29,cluster_1,-0.17,4
63,29,Ernests Gulbis,$2.364,John Isner,Oct 21 2013,Valencia,R32,John Isner,FALSE,30,cluster_3,0.06,8
78,46,Jo-Wilfried Tsonga,$2.390,Jo-Wilfried Tsonga,Oct 21 2013,ATP World Tour Masters 1000 Shanghai,R16,Kei Nishikori,FALSE,62,cluster_1,-1.59,16
65,37,David Ferrer,$1.958,David Ferrer,Oct 28 2013,ATP World Tour Masters 1000 Paris,Q,Tomas Berdych,FALSE,37,cluster_4,-0.41,6
65,26,Milos Raonic,$2.087,Tomas Berdych,Oct 28 2013,ATP World Tour Masters 1000 Paris,R16,Tomas Berdych,FALSE,38,cluster_1,1.44,14
74,37,Juan Martin Del Potro,$3.824,Juan Martin Del Potro,Oct 28 2013,ATP World Tour Masters 1000 Paris,R32,Marin Cilic,FALSE,34,cluster_0,-0.22,12
76,42,Roger Federer,$1.985,Roger Federer,Oct 28 2013,ATP World Tour Masters 1000 Paris,Q,Juan Martin Del Potro,FALSE,32,cluster_4,-0.64,9
69,26,Grigor Dimitrov,$1.362,Juan Martin Del Potro,Oct 28 2013,ATP World Tour Masters 1000 Paris,R16,Juan Martin Del Potro,FALSE,33,cluster_3,0.34,8
62,25,Marin Cilic,$1.324,Juan Martin Del Potro,Oct 28 2013,ATP World Tour Masters 1000 Paris,R32,Juan Martin Del Potro,FALSE,37,cluster_3,0.55,11
73,30,Juan Martin Del Potro,$3.538,Juan Martin Del Potro,Oct 28 2013,ATP World Tour Masters 1000 Paris,R16,Grigor Dimitrov,FALSE,32,cluster_0,0.21,14
58,34,Roger Federer,$1.308,Novak Djokovic,Oct 28 2013,ATP World Tour Masters 1000 Paris,S,Novak Djokovic,FALSE,62,cluster_2,2.55,24
54,31,Stan Wawrinka,$1.188,Novak Djokovic,Oct 28 2013,ATP World Tour Masters 1000 Paris,Q,Novak Djokovic,FALSE,63,cluster_2,2.63,25
56,19,John Isner,$1.171,Novak Djokovic,Oct 28 2013,ATP World Tour Masters 1000 Paris,R16,Novak Djokovic,FALSE,66,cluster_0,3.09,19
61,28,Juan Martin Del Potro,$1.378,Novak Djokovic,Oct 28 2013,ATP World Tour Masters 1000 Shanghai,F,Novak Djokovic,FALSE,70,cluster_2,3.44,27
57,23,Juan Martin Del Potro,$1.948,Roger Federer,Oct 28 2013,ATP World Tour Masters 1000 Paris,Q,Roger Federer,FALSE,75,cluster_0,2.97,23
58,32,Kevin Anderson,$1.176,Roger Federer,Oct 28 2013,ATP World Tour Masters 1000 Paris,R32,Roger Federer,FALSE,79,cluster_1,0.83,18
65,35,Juan Martin Del Potro,$2.207,Juan Martin Del Potro,Oct 28 2013,Basel,F,Roger Federer,FALSE,80,cluster_2,0.27,17
68,43,Novak Djokovic,$6.134,Novak Djokovic,Oct 28 2013,ATP World Tour Masters 1000 Paris,F,David Ferrer,FALSE,73,cluster_1,-0.97,21
59,32,Rafael Nadal,$6.609,David Ferrer,Oct 28 2013,ATP World Tour Masters 1000 Paris,S,David Ferrer,FALSE,74,cluster_3,2.19,28
62,34,Tomas Berdych,$1.976,David Ferrer,Oct 28 2013,ATP World Tour Masters 1000 Paris,Q,David Ferrer,FALSE,78,cluster_3,3.21,31
55,28,Kei Nishikori,$1.479,Richard Gasquet,Oct 28 2013,ATP World Tour Masters 1000 Paris,R16,Richard Gasquet,FALSE,20,cluster_0,0.51,5
58,30,Fernando Verdasco,$1.345,Richard Gasquet,Oct 28 2013,ATP World Tour Masters 1000 Paris,R32,Richard Gasquet,FALSE,21,cluster_2,0.15,5
70,39,Fernando Verdasco,$1.550,Fernando Verdasco,Oct 28 2013,ATP World Tour Masters 1000 Paris,R64,Ernests Gulbis,FALSE,36,cluster_2,-0.37,10
80,43,Novak Djokovic,$6.134,Novak Djokovic,Oct 28 2013,ATP World Tour Masters 1000 Paris,R16,John Isner,FALSE,27,cluster_2,-0.67,5
69,40,Novak Djokovic,$9.817,Novak Djokovic,Oct 28 2013,ATP World Tour Masters 1000 Shanghai,Q,Gael Monfils,FALSE,24,cluster_4,-0.39,3
65,29,Roger Federer,$3.814,Gael Monfils,Oct 28 2013,ATP World Tour Masters 1000 Shanghai,R16,Gael Monfils,FALSE,25,cluster_3,0.11,5
48,28,Richard Gasquet,$1.202,Rafael Nadal,Oct 28 2013,ATP World Tour Masters 1000 Paris,Q,Rafael Nadal,FALSE,9,cluster_4,0.89,4
67,40,David Ferrer,$1.155,David Ferrer,Oct 28 2013,ATP World Tour Masters 1000 Paris,S,Rafael Nadal,FALSE,90,cluster_3,0.84,18
64,32,Jo-Wilfried Tsonga,$3.026,Kei Nishikori,Oct 28 2013,ATP World Tour Masters 1000 Paris,R32,Kei Nishikori,FALSE,54,cluster_0,-0.42,15
73,34,Tomas Berdych,$1.859,Tomas Berdych,Oct 28 2013,ATP World Tour Masters 1000 Paris,R16,Milos Raonic,FALSE,51,cluster_3,-0.89,18
67,35,Kei Nishikori,$1.456,Kei Nishikori,Oct 28 2013,ATP World Tour Masters 1000 Paris,R32,Jo-Wilfried Tsonga,FALSE,62,cluster_0,-0.77,10
60,29,Ernests Gulbis,$2.690,Fernando Verdasco,Oct 28 2013,ATP World Tour Masters 1000 Paris,R64,Fernando Verdasco,FALSE,20,cluster_2,0.57,6
68,46,Novak Djokovic,$5.701,Novak Djokovic,Oct 28 2013,ATP World Tour Masters 1000 Paris,Q,Stan Wawrinka,FALSE,47,cluster_3,-0.72,8
48,33,Nicolas Almagro,$1.609,Stan Wawrinka,Oct 28 2013,ATP World Tour Masters 1000 Paris,R16,Stan Wawrinka,FALSE,48,cluster_4,1.87,12
57,35,David Ferrer,$3.945,Mikhail Youzhny,Oct 28 2013,Valencia,F,Mikhail Youzhny,FALSE,17,cluster_1,0.57,4
51,26,Stan Wawrinka,$1.190,Novak Djokovic,Nov 4 2013,Barclays ATP World Tour Finals,S,Novak Djokovic,FALSE,56,cluster_2,2.03,21
56,31,David Ferrer,$1.171,Novak Djokovic,Nov 4 2013,ATP World Tour Masters 1000 Paris,F,Novak Djokovic,FALSE,60,cluster_2,2.42,23
65,41,Novak Djokovic,$3.964,Novak Djokovic,Nov 4 2013,ATP World Tour Masters 1000 Paris,S,Roger Federer,FALSE,74,cluster_1,0.4,19
71,51,Rafael Nadal,$5.407,Rafael Nadal,Nov 4 2013,ATP World Tour Masters 1000 Paris,Q,Richard Gasquet,FALSE,19,cluster_1,-0.17,2
68,44,Novak Djokovic,$2.571,Novak Djokovic,Nov 4 2013,Barclays ATP World Tour Finals,F,Rafael Nadal,FALSE,80,cluster_3,0.02,13
59,26,Roger Federer,$1.340,Rafael Nadal,Nov 4 2013,Barclays ATP World Tour Finals,S,Rafael Nadal,FALSE,85,cluster_0,4.47,29
73,48,Novak Djokovic,$5.658,Novak Djokovic,Nov 4 2013,Barclays ATP World Tour Finals,S,Stan Wawrinka,FALSE,43,cluster_3,-0.51,7
75,37,Novak Djokovic,$10.342,Novak Djokovic,Nov 15 2013,Davis Cup,Reverse Singles,Tomas Berdych,FALSE,35,cluster_4,-0.32,3
55,31,Rafael Nadal,$1.592,Novak Djokovic,Nov 15 2013,Barclays ATP World Tour Finals,F,Novak Djokovic,FALSE,55,cluster_2,2.45,19
63,25,Tomas Berdych,$1.087,Novak Djokovic,Dec 26 2013,Davis Cup,Reverse Singles,Novak Djokovic,FALSE,51,cluster_0,1.78,12
67,41,Roger Federer,$5.989,Roger Federer,Dec 30 2013,ATP World Tour Masters 1000 Paris,R32,Kevin Anderson,FALSE,45,cluster_1,-0.39,14
59,32,Mikhail Youzhny,$2.727,Kevin Anderson,Dec 30 2013,ATP World Tour Masters 1000 Paris,R64,Kevin Anderson,FALSE,48,cluster_0,0.16,11
72,33,Roger Federer,$10.735,Roger Federer,Dec 30 2013,Brisbane,S,Jeremy Chardy,FALSE,47,cluster_1,-0.91,7
67,40,Kei Nishikori,$1.816,Kei Nishikori,Dec 30 2013,Brisbane,Q,Marin Cilic,FALSE,31,cluster_2,-0.11,3
66,27,Grigor Dimitrov,$2.394,Marin Cilic,Dec 30 2013,Brisbane,R16,Marin Cilic,FALSE,32,cluster_4,0.93,12
72,33,Marin Cilic,$1.669,Marin Cilic,Dec 30 2013,Brisbane,R16,Grigor Dimitrov,FALSE,30,cluster_0,0.26,13
66,27,Jeremy Chardy,$1.082,Roger Federer,Dec 30 2013,Brisbane,S,Roger Federer,FALSE,63,cluster_0,2.85,23
73,40,Rafael Nadal,$3.693,Rafael Nadal,Dec 30 2013,Barclays ATP World Tour Finals,S,Roger Federer,FALSE,68,cluster_2,-0.03,13
63,40,Rafael Nadal,$4.792,Rafael Nadal,Dec 30 2013,Doha,Q,Ernests Gulbis,FALSE,33,cluster_1,-0.33,3
60,34,Roger Federer,$6.053,Lleyton Hewitt,Dec 30 2013,Brisbane,F,Lleyton Hewitt,FALSE,14,cluster_1,0.11,1
63,31,Kei Nishikori,$2.437,Lleyton Hewitt,Dec 30 2013,Brisbane,S,Lleyton Hewitt,FALSE,15,cluster_1,0.17,2
60,24,Gael Monfils,$1.411,Rafael Nadal,Dec 30 2013,Doha,F,Rafael Nadal,FALSE,67,cluster_0,3.84,25
59,36,Ernests Gulbis,$1.237,Rafael Nadal,Dec 30 2013,Doha,Q,Rafael Nadal,FALSE,73,cluster_2,3.42,34
59,32,Marin Cilic,$2.144,Kei Nishikori,Dec 30 2013,Brisbane,Q,Kei Nishikori,FALSE,48,cluster_4,0.97,14
71,44,Richard Gasquet,$2.933,Richard Gasquet,Dec 30 2013,ATP World Tour Masters 1000 Paris,R16,Kei Nishikori,FALSE,50,cluster_1,-0.81,11
69,41,Richard Gasquet,$3.654,Richard Gasquet,Dec 30 2013,ATP World Tour Masters 1000 Paris,R32,Fernando Verdasco,FALSE,19,cluster_4,-0.02,5
57,24,Richard Gasquet,$1.636,Gael Monfils,Jan 6 2014,Doha,R16,Gael Monfils,FALSE,21,cluster_1,1.18,6
74,51,David Ferrer,$2.717,David Ferrer,Jan 6 2014,Valencia,R32,Gael Monfils,FALSE,23,cluster_2,-0.53,4
75,42,Gael Monfils,$2.465,Gael Monfils,Jan 7 2014,Doha,R16,Richard Gasquet,FALSE,17,cluster_3,-0.29,3
68,36,Lleyton Hewitt,$1.648,Lleyton Hewitt,Jan 7 2014,Brisbane,S,Kei Nishikori,FALSE,44,cluster_0,0.12,6
67,40,Kevin Anderson,$1.538,Kevin Anderson,Jan 7 2014,ATP World Tour Masters 1000 Paris,R64,Mikhail Youzhny,FALSE,16,cluster_0,-0.25,4
66,51,Stan Wawrinka,$2.528,Stan Wawrinka,Jan 13 2014,ATP World Tour Masters 1000 Paris,R16,Nicolas Almagro,FALSE,45,cluster_3,-0.44,8
76,44,Tomas Berdych,$6.753,Tomas Berdych,Jan 13 2014,Australian Open Slam,Round of 16,Kevin Anderson,FALSE,37,cluster_4,-1.27,12
72,28,Stan Wawrinka,$2.145,Stan Wawrinka,Jan 13 2014,Australian Open Slam,Semi Final,Tomas Berdych,FALSE,28,cluster_1,0.3,6
58,39,David Ferrer,$1.554,Tomas Berdych,Jan 13 2014,Australian Open Slam,Quarter Final,Tomas Berdych,FALSE,29,cluster_3,-0.08,7
56,24,Kevin Anderson,$1.109,Tomas Berdych,Jan 13 2014,Australian Open Slam,Round of 16,Tomas Berdych,FALSE,30,cluster_2,2.4,14
70,45,David Ferrer,$3.334,David Ferrer,Jan 13 2014,Australian Open Slam,Round of 32,Jeremy Chardy,FALSE,44,cluster_0,-1.11,11
71,38,Rafael Nadal,$6.575,Rafael Nadal,Jan 13 2014,Australian Open Slam,Quarter Final,Grigor Dimitrov,FALSE,25,cluster_3,-0.06,1
68,20,Milos Raonic,$2.125,Grigor Dimitrov,Jan 13 2014,Australian Open Slam,Round of 32,Grigor Dimitrov,FALSE,27,cluster_0,0.14,12
63,20,Jo-Wilfried Tsonga,$1.554,Roger Federer,Jan 13 2014,Australian Open Slam,Round of 16,Roger Federer,FALSE,54,cluster_0,2.52,21
65,39,Lleyton Hewitt,$1.174,Lleyton Hewitt,Jan 13 2014,Brisbane,F,Roger Federer,FALSE,62,cluster_1,0.54,10
61,42,Tomas Berdych,$2.460,Tomas Berdych,Jan 13 2014,Australian Open Slam,Quarter Final,David Ferrer,FALSE,54,cluster_1,0.16,20
55,30,Jeremy Chardy,$1.395,David Ferrer,Jan 13 2014,Australian Open Slam,Round of 32,David Ferrer,FALSE,56,cluster_3,2.53,24
64,36,Andreas Seppi,$1.283,Andreas Seppi,Jan 13 2014,Australian Open Slam,Round of 128,Lleyton Hewitt,FALSE,13,cluster_0,0.02,3
75,39,Rafael Nadal,$3.245,Rafael Nadal,Jan 13 2014,Doha,F,Gael Monfils,FALSE,18,cluster_4,-0.25,2
71,44,Stan Wawrinka,$1.175,Stan Wawrinka,Jan 13 2014,Australian Open Slam,Final,Rafael Nadal,FALSE,54,cluster_3,-0.13,6
60,27,Roger Federer,$1.654,Rafael Nadal,Jan 13 2014,Australian Open Slam,Semi Final,Rafael Nadal,FALSE,55,cluster_0,2.43,17
62,29,Grigor Dimitrov,$1.114,Rafael Nadal,Jan 13 2014,Australian Open Slam,Quarter Final,Rafael Nadal,FALSE,58,cluster_2,2.36,25
58,35,Kei Nishikori,$1.029,Rafael Nadal,Jan 13 2014,Australian Open Slam,Round of 16,Rafael Nadal,FALSE,59,cluster_2,1.41,20
50,27,Gael Monfils,$1.100,Rafael Nadal,Jan 13 2014,Australian Open Slam,Round of 32,Rafael Nadal,FALSE,60,cluster_4,4.59,23
80,32,Grigor Dimitrov,$1.726,Grigor Dimitrov,Jan 13 2014,Australian Open Slam,Round of 32,Milos Raonic,FALSE,46,cluster_3,-0.8,16
73,37,Stan Wawrinka,$3.191,Stan Wawrinka,Jan 13 2014,Australian Open Slam,Round of 16,Tommy Robredo,FALSE,23,cluster_4,-0.56,7
64,35,Richard Gasquet,$2.579,Tommy Robredo,Jan 13 2014,Australian Open Slam,Round of 32,Tommy Robredo,FALSE,24,cluster_0,0.63,8
64,36,Lleyton Hewitt,$4.206,Andreas Seppi,Jan 13 2014,Australian Open Slam,Round of 128,Andreas Seppi,FALSE,20,cluster_0,-0.17,6
80,38,Roger Federer,$2.460,Roger Federer,Jan 13 2014,Australian Open Slam,Round of 16,Jo-Wilfried Tsonga,FALSE,52,cluster_4,-0.64,10
56,29,Rafael Nadal,$6.025,Stan Wawrinka,Jan 13 2014,Australian Open Slam,Final,Stan Wawrinka,FALSE,27,cluster_2,0.68,8
72,28,Tomas Berdych,$1.815,Stan Wawrinka,Jan 13 2014,Australian Open Slam,Semi Final,Stan Wawrinka,FALSE,30,cluster_0,0.86,8
68,37,Novak Djokovic,$7.979,Stan Wawrinka,Jan 13 2014,Australian Open Slam,Quarter Final,Stan Wawrinka,FALSE,33,cluster_3,-0.24,5
63,27,Tommy Robredo,$1.358,Stan Wawrinka,Jan 13 2014,Australian Open Slam,Round of 16,Stan Wawrinka,FALSE,34,cluster_2,1.44,15
73,40,Rafael Nadal,$2.424,Rafael Nadal,Jan 31 2014,Australian Open Slam,Semi Final,Roger Federer,FALSE,49,cluster_2,0.03,10
65,36,Tommy Robredo,$1.510,Tommy Robredo,Jan 31 2014,Australian Open Slam,Round of 32,Richard Gasquet,FALSE,14,cluster_2,0.09,3
73,50,Rafael Nadal,$7.098,Rafael Nadal,Jan 31 2014,Australian Open Slam,Round of 32,Gael Monfils,FALSE,15,cluster_2,-0.3,3
65,42,Rafael Nadal,$12.817,Rafael Nadal,Jan 31 2014,Australian Open Slam,Round of 16,Kei Nishikori,FALSE,38,cluster_1,-0.59,5
58,33,Tommy Haas,$1.530,Marin Cilic,Feb 3 2014,Zagreb,F,Marin Cilic,FALSE,22,cluster_1,0.66,6
63,45,David Ferrer,$3.571,David Ferrer,Feb 10 2014,Buenos Aires,S,Nicolas Almagro,FALSE,33,cluster_3,-0.22,5
59,35,Jeremy Chardy,$1.424,Nicolas Almagro,Feb 10 2014,Buenos Aires,Q,Nicolas Almagro,FALSE,34,cluster_4,1.05,12
59,23,Marin Cilic,$1.472,Tomas Berdych,Feb 10 2014,Rotterdam,F,Tomas Berdych,FALSE,23,cluster_2,1.56,10
58,28,Ernests Gulbis,$1.574,Tomas Berdych,Feb 10 2014,Rotterdam,S,Tomas Berdych,FALSE,24,cluster_2,1.74,11
55,16,Andreas Seppi,$1.132,Tomas Berdych,Feb 10 2014,Rotterdam,R32,Tomas Berdych,FALSE,27,cluster_2,2.28,12
64,40,Nicolas Almagro,$3.176,Nicolas Almagro,Feb 10 2014,Buenos Aires,Q,Jeremy Chardy,FALSE,28,cluster_3,-0.05,6
76,40,Tomas Berdych,$2.962,Tomas Berdych,Feb 10 2014,Rotterdam,F,Marin Cilic,FALSE,17,cluster_0,-0.04,7
66,20,Jo-Wilfried Tsonga,$2.619,Marin Cilic,Feb 10 2014,Rotterdam,R16,Marin Cilic,FALSE,20,cluster_4,0.57,5
77,40,Ernests Gulbis,$1.376,Ernests Gulbis,Feb 10 2014,Rotterdam,Q,Juan Martin Del Potro,FALSE,10,cluster_4,-0.18,2
63,33,Gael Monfils,$1.584,Juan Martin Del Potro,Feb 10 2014,Rotterdam,R32,Juan Martin Del Potro,FALSE,14,cluster_3,-0.15,2
74,30,Ernests Gulbis,$1.591,Ernests Gulbis,Feb 10 2014,Rotterdam,R16,Grigor Dimitrov,FALSE,23,cluster_0,0.13,10
54,36,Nicolas Almagro,$1.357,David Ferrer,Feb 10 2014,Buenos Aires,S,David Ferrer,FALSE,46,cluster_3,2.06,19
80,38,Gael Monfils,$1.852,Gael Monfils,Feb 10 2014,Montpellier,F,Richard Gasquet,FALSE,10,cluster_3,-0.11,2
71,41,Tomas Berdych,$2.619,Tomas Berdych,Feb 10 2014,Rotterdam,S,Ernests Gulbis,FALSE,27,cluster_2,-0.15,8
60,22,Juan Martin Del Potro,$3.447,Ernests Gulbis,Feb 10 2014,Rotterdam,Q,Ernests Gulbis,FALSE,28,cluster_3,1.1,11
69,25,Grigor Dimitrov,$2.575,Ernests Gulbis,Feb 10 2014,Rotterdam,R16,Ernests Gulbis,FALSE,29,cluster_3,1.28,12
62,31,Fernando Verdasco,$1.853,Tommy Haas,Feb 10 2014,Rotterdam,R32,Tommy Haas,FALSE,19,cluster_4,0.25,4
66,41,Marin Cilic,$2.752,Marin Cilic,Feb 10 2014,Zagreb,F,Tommy Haas,FALSE,20,cluster_1,-0.88,5
61,20,Richard Gasquet,$2.096,Gael Monfils,Feb 10 2014,Montpellier,F,Gael Monfils,FALSE,10,cluster_1,0.17,1
79,33,Marin Cilic,$1.574,Marin Cilic,Feb 10 2014,Rotterdam,R16,Jo-Wilfried Tsonga,FALSE,48,cluster_4,-0.51,9
65,38,Marin Cilic,$3.571,Marin Cilic,Feb 17 2014,Delray Beach,F,Kevin Anderson,FALSE,29,cluster_1,-0.33,11
63,56,David Ferrer,$6.948,David Ferrer,Feb 17 2014,Rio de Janeiro,R32,Jeremy Chardy,FALSE,27,cluster_0,-0.39,5
61,34,Kevin Anderson,$1.357,Marin Cilic,Feb 17 2014,Delray Beach,F,Marin Cilic,FALSE,13,cluster_1,0.22,3
61,25,John Isner,$1.470,Marin Cilic,Feb 17 2014,Delray Beach,S,Marin Cilic,FALSE,14,cluster_4,0.13,3
43,36,Jeremy Chardy,$1.145,David Ferrer,Feb 17 2014,Rio de Janeiro,R32,David Ferrer,FALSE,41,cluster_0,2.38,13
68,22,Jo-Wilfried Tsonga,$2.327,Ernests Gulbis,Feb 17 2014,Marseille,F,Ernests Gulbis,FALSE,23,cluster_3,0.55,3
56,22,Richard Gasquet,$2.178,Ernests Gulbis,Feb 17 2014,Marseille,S,Ernests Gulbis,FALSE,24,cluster_3,0.65,4
75,38,Marin Cilic,$2.971,Marin Cilic,Feb 17 2014,Delray Beach,S,John Isner,FALSE,18,cluster_2,-0.47,5
77,31,Ernests Gulbis,$1.703,Ernests Gulbis,Feb 17 2014,Marseille,F,Jo-Wilfried Tsonga,FALSE,40,cluster_4,-0.41,7
69,34,Grigor Dimitrov,$2.915,Grigor Dimitrov,Feb 24 2014,Acapulco,F,Kevin Anderson,FALSE,21,cluster_1,-0.36,8
59,42,David Ferrer,$3.555,Kevin Anderson,Feb 24 2014,Acapulco,Q,Kevin Anderson,FALSE,24,cluster_0,-0.37,4
65,44,Roger Federer,$2.298,Roger Federer,Feb 24 2014,Dubai,F,Tomas Berdych,FALSE,18,cluster_4,-0.23,2
62,29,Jo-Wilfried Tsonga,$1.384,Tomas Berdych,Feb 24 2014,Dubai,Q,Tomas Berdych,FALSE,20,cluster_1,0.2,3
65,30,Kevin Anderson,$1.484,Grigor Dimitrov,Feb 24 2014,Acapulco,F,Grigor Dimitrov,FALSE,18,cluster_0,0.03,7
56,40,Ernests Gulbis,$1.830,Grigor Dimitrov,Feb 24 2014,Acapulco,Q,Grigor Dimitrov,FALSE,20,cluster_1,0.09,7
63,32,Stan Wawrinka,$1.081,Stan Wawrinka,Feb 24 2014,Australian Open Slam,Quarter Final,Novak Djokovic,FALSE,40,cluster_4,-0.14,9
63,31,Novak Djokovic,$4.960,Roger Federer,Feb 24 2014,Dubai,S,Roger Federer,FALSE,39,cluster_0,1.19,12
57,40,Kevin Anderson,$1.359,Kevin Anderson,Feb 24 2014,Acapulco,Q,David Ferrer,FALSE,24,cluster_3,1.33,10
59,43,Grigor Dimitrov,$2.125,Grigor Dimitrov,Feb 24 2014,Acapulco,Q,Ernests Gulbis,FALSE,21,cluster_1,-0.01,4
70,37,Tomas Berdych,$3.397,Tomas Berdych,Feb 24 2014,Dubai,Q,Jo-Wilfried Tsonga,FALSE,36,cluster_0,-0.73,11
82,44,Roger Federer,$5.209,Roger Federer,Mar 3 2014,ATP World Tour Masters 1000 Indian Wells,Q,Kevin Anderson,FALSE,13,cluster_4,-0.86,4
57,39,Stan Wawrinka,$4.426,Kevin Anderson,Mar 3 2014,ATP World Tour Masters 1000 Indian Wells,R16,Kevin Anderson,FALSE,14,cluster_0,-0.51,2
66,30,Lleyton Hewitt,$1.376,Kevin Anderson,Mar 3 2014,ATP World Tour Masters 1000 Indian Wells,R64,Kevin Anderson,FALSE,18,cluster_1,-0.04,3
67,35,Tommy Haas,$1.922,Tommy Haas,Mar 3 2014,ATP World Tour Masters 1000 Indian Wells,R64,Jeremy Chardy,FALSE,17,cluster_3,-0.03,5
65,35,Novak Djokovic,$5.489,Novak Djokovic,Mar 3 2014,ATP World Tour Masters 1000 Indian Wells,R16,Marin Cilic,FALSE,10,cluster_0,-0.23,4
58,26,Tommy Robredo,$1.341,Marin Cilic,Mar 3 2014,ATP World Tour Masters 1000 Indian Wells,R32,Marin Cilic,FALSE,11,cluster_4,0.01,1
67,39,Ernests Gulbis,$2.058,Ernests Gulbis,Mar 3 2014,ATP World Tour Masters 1000 Indian Wells,R32,Grigor Dimitrov,FALSE,16,cluster_1,0.09,4
57,32,John Isner,$1.219,Novak Djokovic,Mar 3 2014,ATP World Tour Masters 1000 Indian Wells,S,Novak Djokovic,FALSE,28,cluster_2,0.83,7
64,34,Marin Cilic,$1.198,Novak Djokovic,Mar 3 2014,ATP World Tour Masters 1000 Indian Wells,R16,Novak Djokovic,FALSE,30,cluster_4,0.35,9
68,36,Roger Federer,$1.226,Roger Federer,Mar 3 2014,Dubai,S,Novak Djokovic,FALSE,35,cluster_4,-0.03,7
55,17,Kevin Anderson,$1.212,Roger Federer,Mar 3 2014,ATP World Tour Masters 1000 Indian Wells,Q,Roger Federer,FALSE,33,cluster_3,1.59,5
59,30,Tommy Haas,$1.214,Roger Federer,Mar 3 2014,ATP World Tour Masters 1000 Indian Wells,R16,Roger Federer,FALSE,34,cluster_0,1.38,12
55,34,Tomas Berdych,$1.719,Roger Federer,Mar 3 2014,Dubai,F,Roger Federer,FALSE,38,cluster_1,0.61,8
77,43,Ernests Gulbis,$1.792,Ernests Gulbis,Mar 3 2014,Marseille,S,Richard Gasquet,FALSE,5,cluster_3,0.09,1
71,34,John Isner,$1.735,John Isner,Mar 3 2014,ATP World Tour Masters 1000 Indian Wells,Q,Ernests Gulbis,FALSE,17,cluster_2,-0.16,5
60,32,Grigor Dimitrov,$1.883,Ernests Gulbis,Mar 3 2014,ATP World Tour Masters 1000 Indian Wells,R32,Ernests Gulbis,FALSE,19,cluster_4,0.54,8
69,33,Kevin Anderson,$3.444,Kevin Anderson,Mar 3 2014,ATP World Tour Masters 1000 Indian Wells,R64,Lleyton Hewitt,FALSE,7,cluster_0,-0.07,1
67,42,Novak Djokovic,$5.085,Novak Djokovic,Mar 3 2014,ATP World Tour Masters 1000 Indian Wells,S,John Isner,FALSE,12,cluster_2,-0.45,3
65,28,Ernests Gulbis,$2.270,John Isner,Mar 3 2014,ATP World Tour Masters 1000 Indian Wells,Q,John Isner,FALSE,13,cluster_3,-0.08,3
70,26,Fernando Verdasco,$1.629,John Isner,Mar 3 2014,ATP World Tour Masters 1000 Indian Wells,R16,John Isner,FALSE,14,cluster_0,0.12,4
66,36,Juan Martin Del Potro,$2.593,Juan Martin Del Potro,Mar 3 2014,Rotterdam,R32,Gael Monfils,FALSE,9,cluster_4,0.17,1
73,41,Marin Cilic,$3.689,Marin Cilic,Mar 3 2014,ATP World Tour Masters 1000 Indian Wells,R32,Tommy Robredo,FALSE,14,cluster_4,-0.33,5
58,31,Richard Gasquet,$3.156,Fernando Verdasco,Mar 3 2014,ATP World Tour Masters 1000 Indian Wells,R32,Fernando Verdasco,FALSE,12,cluster_2,0.2,5
68,37,Tommy Haas,$2.095,Tommy Haas,Mar 3 2014,Rotterdam,R32,Fernando Verdasco,FALSE,14,cluster_3,-0.04,7
60,42,Kevin Anderson,$1.264,Kevin Anderson,Mar 3 2014,ATP World Tour Masters 1000 Indian Wells,R16,Stan Wawrinka,FALSE,20,cluster_1,0.3,6
40,23,Andreas Seppi,$1.127,Stan Wawrinka,Mar 3 2014,ATP World Tour Masters 1000 Indian Wells,R32,Stan Wawrinka,FALSE,21,cluster_4,0.74,6
73,31,John Isner,$2.317,John Isner,Mar 17 2014,ATP World Tour Masters 1000 Miami,R32,Nicolas Almagro,FALSE,21,cluster_1,0.11,6
69,38,Richard Gasquet,$2.087,Richard Gasquet,Mar 17 2014,ATP World Tour Masters 1000 Miami,R32,Kevin Anderson,FALSE,9,cluster_1,0.05,3
58,23,John Isner,$1.412,Tomas Berdych,Mar 17 2014,ATP World Tour Masters 1000 Miami,R16,Tomas Berdych,FALSE,14,cluster_2,0.96,7
64,44,Novak Djokovic,$20.546,Novak Djokovic,Mar 17 2014,ATP World Tour Masters 1000 Miami,R64,Jeremy Chardy,FALSE,14,cluster_0,-0.2,1
72,34,Kei Nishikori,$1.883,Kei Nishikori,Mar 17 2014,ATP World Tour Masters 1000 Miami,R32,Grigor Dimitrov,FALSE,14,cluster_0,0.03,4
63,23,Tommy Robredo,$1.055,Novak Djokovic,Mar 17 2014,ATP World Tour Masters 1000 Miami,R16,Novak Djokovic,FALSE,16,cluster_0,0.66,3
55,35,Jeremy Chardy,$1.033,Novak Djokovic,Mar 17 2014,ATP World Tour Masters 1000 Miami,R64,Novak Djokovic,FALSE,24,cluster_2,0.82,6
65,33,Roger Federer,$1.578,Novak Djokovic,Mar 17 2014,ATP World Tour Masters 1000 Indian Wells,F,Novak Djokovic,FALSE,25,cluster_4,-0.07,5
46,21,Richard Gasquet,$1.160,Roger Federer,Mar 17 2014,ATP World Tour Masters 1000 Miami,R16,Roger Federer,FALSE,24,cluster_3,0.75,7
66,34,Novak Djokovic,$2.610,Novak Djokovic,Mar 17 2014,ATP World Tour Masters 1000 Indian Wells,F,Roger Federer,FALSE,29,cluster_2,-0.03,8
55,42,Kei Nishikori,$1.592,Kei Nishikori,Mar 17 2014,ATP World Tour Masters 1000 Miami,R16,David Ferrer,FALSE,18,cluster_4,0.2,4
50,27,Andreas Seppi,$1.135,David Ferrer,Mar 17 2014,ATP World Tour Masters 1000 Miami,R32,David Ferrer,FALSE,22,cluster_0,1.43,6
69,40,Roger Federer,$5.170,Roger Federer,Mar 17 2014,ATP World Tour Masters 1000 Indian Wells,R16,Tommy Haas,FALSE,10,cluster_1,-0.35,3
52,39,Kei Nishikori,$2.828,Tommy Haas,Mar 17 2014,ATP World Tour Masters 1000 Indian Wells,R32,Tommy Haas,FALSE,11,cluster_2,0.02,2
64,32,Jeremy Chardy,$2.014,Tommy Haas,Mar 17 2014,ATP World Tour Masters 1000 Indian Wells,R64,Tommy Haas,FALSE,12,cluster_4,0.12,2
76,41,Tomas Berdych,$3.237,Tomas Berdych,Mar 17 2014,ATP World Tour Masters 1000 Miami,R16,John Isner,FALSE,9,cluster_2,-0.28,2
68,26,Nicolas Almagro,$1.708,John Isner,Mar 17 2014,ATP World Tour Masters 1000 Miami,R32,John Isner,FALSE,10,cluster_0,0.06,3
59,29,Milos Raonic,$1.145,Rafael Nadal,Mar 17 2014,ATP World Tour Masters 1000 Miami,Q,Rafael Nadal,FALSE,27,cluster_2,1.08,12
52,17,Lleyton Hewitt,$1.072,Rafael Nadal,Mar 17 2014,ATP World Tour Masters 1000 Miami,R64,Rafael Nadal,FALSE,35,cluster_0,0.77,5
60,40,Roger Federer,$5.973,Kei Nishikori,Mar 17 2014,ATP World Tour Masters 1000 Miami,Q,Kei Nishikori,FALSE,19,cluster_4,0.21,4
57,44,David Ferrer,$2.571,Kei Nishikori,Mar 17 2014,ATP World Tour Masters 1000 Miami,R16,Kei Nishikori,FALSE,20,cluster_4,0.21,5
65,27,Grigor Dimitrov,$2.058,Kei Nishikori,Mar 17 2014,ATP World Tour Masters 1000 Miami,R32,Kei Nishikori,FALSE,22,cluster_0,0.32,5
60,47,Tommy Haas,$1.507,Tommy Haas,Mar 17 2014,ATP World Tour Masters 1000 Indian Wells,R32,Kei Nishikori,FALSE,24,cluster_1,-0.27,6
70,40,Rafael Nadal,$6.958,Rafael Nadal,Mar 17 2014,ATP World Tour Masters 1000 Miami,Q,Milos Raonic,FALSE,34,cluster_3,-1.03,12
76,36,Novak Djokovic,$14.508,Novak Djokovic,Mar 17 2014,ATP World Tour Masters 1000 Miami,R16,Tommy Robredo,FALSE,11,cluster_4,-0.22,3
72,50,David Ferrer,$7.365,David Ferrer,Mar 17 2014,ATP World Tour Masters 1000 Miami,R32,Andreas Seppi,FALSE,13,cluster_3,-0.33,2
73,29,John Isner,$2.480,John Isner,Mar 17 2014,ATP World Tour Masters 1000 Indian Wells,R16,Fernando Verdasco,FALSE,11,cluster_3,-0.05,2
59,39,Kei Nishikori,$1.177,Kei Nishikori,Apr 4 2014,ATP World Tour Masters 1000 Miami,Q,Roger Federer,FALSE,23,cluster_1,0.32,7
62,36,Fernando Verdasco,$1.540,Fernando Verdasco,Apr 7 2014,Houston,F,Nicolas Almagro,FALSE,13,cluster_4,0.58,5
80,35,Gael Monfils,$2.760,Gael Monfils,Apr 13 2014,ATP World Tour Masters 1000 Monte Carlo,R64,Kevin Anderson,FALSE,6,cluster_4,-0.26,1
60,48,David Ferrer,$3.378,David Ferrer,Apr 13 2014,ATP World Tour Masters 1000 Monte Carlo,R16,Grigor Dimitrov,FALSE,11,cluster_1,0.05,1
71,38,Stan Wawrinka,$1.692,Stan Wawrinka,Apr 13 2014,ATP World Tour Masters 1000 Monte Carlo,S,David Ferrer,FALSE,11,cluster_1,-0.15,2
53,41,Rafael Nadal,$8.885,David Ferrer,Apr 13 2014,ATP World Tour Masters 1000 Monte Carlo,Q,David Ferrer,FALSE,15,cluster_4,0.04,2
51,39,Grigor Dimitrov,$1.387,David Ferrer,Apr 13 2014,ATP World Tour Masters 1000 Monte Carlo,R16,David Ferrer,FALSE,16,cluster_4,0.86,6
43,26,Jeremy Chardy,$1.110,David Ferrer,Apr 13 2014,ATP World Tour Masters 1000 Monte Carlo,R32,David Ferrer,FALSE,17,cluster_0,1.12,5
61,30,Kevin Anderson,$1.859,Richard Gasquet,Apr 13 2014,ATP World Tour Masters 1000 Miami,R32,Richard Gasquet,FALSE,2,cluster_2,0,0
68,41,Fernando Verdasco,$1.428,Fernando Verdasco,Apr 13 2014,ATP World Tour Masters 1000 Indian Wells,R32,Richard Gasquet,FALSE,4,cluster_1,0,0
64,19,Kevin Anderson,$1.527,Gael Monfils,Apr 13 2014,ATP World Tour Masters 1000 Monte Carlo,R64,Gael Monfils,FALSE,5,cluster_1,0,0
58,46,David Ferrer,$1.106,David Ferrer,Apr 13 2014,ATP World Tour Masters 1000 Monte Carlo,Q,Rafael Nadal,FALSE,18,cluster_3,-0.22,2
44,31,Andreas Seppi,$1.014,Rafael Nadal,Apr 13 2014,ATP World Tour Masters 1000 Monte Carlo,R16,Rafael Nadal,FALSE,22,cluster_4,1.39,7
73,32,Stan Wawrinka,$3.353,Stan Wawrinka,Apr 13 2014,ATP World Tour Masters 1000 Monte Carlo,Q,Milos Raonic,FALSE,25,cluster_3,-0.84,8
65,22,Tommy Robredo,$2.116,Milos Raonic,Apr 13 2014,ATP World Tour Masters 1000 Monte Carlo,R16,Milos Raonic,FALSE,29,cluster_4,1.13,8
77,34,Milos Raonic,$1.837,Milos Raonic,Apr 13 2014,ATP World Tour Masters 1000 Monte Carlo,R16,Tommy Robredo,FALSE,7,cluster_4,0,2
68,55,Rafael Nadal,$32.211,Rafael Nadal,Apr 13 2014,ATP World Tour Masters 1000 Monte Carlo,R16,Andreas Seppi,FALSE,8,cluster_3,0,0
58,31,Mikhail Youzhny,$1.948,Andreas Seppi,Apr 13 2014,ATP World Tour Masters 1000 Monte Carlo,R64,Andreas Seppi,FALSE,10,cluster_2,0.14,5
65,43,Roger Federer,$4.118,Roger Federer,Apr 13 2014,ATP World Tour Masters 1000 Monte Carlo,Q,Jo-Wilfried Tsonga,FALSE,19,cluster_0,-0.04,4
63,37,Nicolas Almagro,$2.720,Fernando Verdasco,Apr 13 2014,Houston,F,Fernando Verdasco,FALSE,6,cluster_0,-0.08,2
64,30,Roger Federer,$2.357,Stan Wawrinka,Apr 13 2014,ATP World Tour Masters 1000 Monte Carlo,F,Stan Wawrinka,FALSE,5,cluster_2,0.02,1
61,28,David Ferrer,$2.347,Stan Wawrinka,Apr 13 2014,ATP World Tour Masters 1000 Monte Carlo,S,Stan Wawrinka,FALSE,6,cluster_2,0.08,2
67,26,Milos Raonic,$1.391,Stan Wawrinka,Apr 13 2014,ATP World Tour Masters 1000 Monte Carlo,Q,Stan Wawrinka,FALSE,7,cluster_0,0,0
68,41,Andreas Seppi,$1.985,Andreas Seppi,Apr 13 2014,ATP World Tour Masters 1000 Monte Carlo,R64,Mikhail Youzhny,FALSE,9,cluster_0,-0.3,3
62,43,Rafael Nadal,$7.041,Nicolas Almagro,Apr 21 2014,Barcelona,Q,Nicolas Almagro,FALSE,4,cluster_3,0,1
53,27,Fernando Verdasco,$1.957,Nicolas Almagro,Apr 21 2014,Barcelona,R16,Nicolas Almagro,FALSE,5,cluster_0,0,0
68,31,Tommy Robredo,$2.240,Marin Cilic,Apr 21 2014,Barcelona,R16,Marin Cilic,FALSE,6,cluster_0,-0.04,2
74,43,Kei Nishikori,$2.317,Kei Nishikori,Apr 21 2014,Barcelona,S,Ernests Gulbis,FALSE,11,cluster_2,-0.06,2
56,37,Nicolas Almagro,$1.143,Nicolas Almagro,Apr 21 2014,Barcelona,Q,Rafael Nadal,FALSE,15,cluster_2,0.64,6
56,26,Ernests Gulbis,$1.708,Kei Nishikori,Apr 21 2014,Barcelona,S,Kei Nishikori,FALSE,11,cluster_2,0.17,2
45,34,Marin Cilic,$1.625,Kei Nishikori,Apr 21 2014,Barcelona,Q,Kei Nishikori,FALSE,12,cluster_3,0.6,4
68,31,Marin Cilic,$1.752,Marin Cilic,Apr 21 2014,Barcelona,R16,Tommy Robredo,FALSE,5,cluster_1,0,0
72,46,Nicolas Almagro,$1.976,Nicolas Almagro,Apr 21 2014,Barcelona,R16,Fernando Verdasco,FALSE,4,cluster_4,0.1,1
62,34,Andreas Seppi,$1.445,Tommy Haas,Apr 28 2014,Munich,Q,Tommy Haas,FALSE,8,cluster_4,0.08,1
65,37,Tommy Haas,$3.075,Tommy Haas,Apr 28 2014,Munich,Q,Andreas Seppi,FALSE,4,cluster_0,-0.15,2
80,46,Tomas Berdych,$5.459,Tomas Berdych,May 5 2014,ATP World Tour Masters 1000 Madrid,R32,Kevin Anderson,FALSE,4,cluster_4,0,0
72,41,Rafael Nadal,$6.296,Rafael Nadal,May 5 2014,ATP World Tour Masters 1000 Madrid,Q,Tomas Berdych,FALSE,4,cluster_4,-0.1,1
66,32,Grigor Dimitrov,$1.713,Tomas Berdych,May 5 2014,ATP World Tour Masters 1000 Madrid,R16,Tomas Berdych,FALSE,5,cluster_1,0.01,2
53,20,Kevin Anderson,$1.199,Tomas Berdych,May 5 2014,ATP World Tour Masters 1000 Madrid,R32,Tomas Berdych,FALSE,6,cluster_2,-0.08,2
80,40,Milos Raonic,$3.693,Milos Raonic,May 5 2014,ATP World Tour Masters 1000 Madrid,R32,Jeremy Chardy,FALSE,6,cluster_1,-0.07,1
70,38,Ernests Gulbis,$2.480,Ernests Gulbis,May 5 2014,ATP World Tour Masters 1000 Madrid,R16,Marin Cilic,FALSE,4,cluster_0,0,0
67,33,Tomas Berdych,$2.308,Tomas Berdych,May 5 2014,ATP World Tour Masters 1000 Madrid,R16,Grigor Dimitrov,FALSE,5,cluster_0,0.01,2
75,38,Roger Federer,$1.334,Roger Federer,May 5 2014,ATP World Tour Masters 1000 Monte Carlo,S,Novak Djokovic,FALSE,7,cluster_4,0.09,2
55,22,Rafael Nadal,$1.729,Novak Djokovic,May 5 2014,ATP World Tour Masters 1000 Miami,F,Novak Djokovic,FALSE,14,cluster_0,0.39,2
69,35,Stan Wawrinka,$1.687,Stan Wawrinka,May 5 2014,ATP World Tour Masters 1000 Monte Carlo,F,Roger Federer,FALSE,10,cluster_2,-0.06,2
61,24,Novak Djokovic,$3.738,Roger Federer,May 5 2014,ATP World Tour Masters 1000 Monte Carlo,S,Roger Federer,FALSE,11,cluster_0,-0.04,1
56,34,Jo-Wilfried Tsonga,$1.292,Roger Federer,May 5 2014,ATP World Tour Masters 1000 Monte Carlo,Q,Roger Federer,FALSE,12,cluster_1,0.07,4
62,32,Kei Nishikori,$1.605,Kei Nishikori,May 5 2014,ATP World Tour Masters 1000 Madrid,S,David Ferrer,FALSE,4,cluster_2,-0.02,1
63,30,Ernests Gulbis,$1.428,David Ferrer,May 5 2014,ATP World Tour Masters 1000 Madrid,Q,David Ferrer,FALSE,5,cluster_2,0.29,2
60,19,John Isner,$1.319,David Ferrer,May 5 2014,ATP World Tour Masters 1000 Madrid,R16,David Ferrer,FALSE,6,cluster_2,0.36,3
69,36,David Ferrer,$3.156,David Ferrer,May 5 2014,ATP World Tour Masters 1000 Madrid,Q,Ernests Gulbis,FALSE,7,cluster_2,-0.01,1
61,29,Marin Cilic,$1.629,Ernests Gulbis,May 5 2014,ATP World Tour Masters 1000 Madrid,R16,Ernests Gulbis,FALSE,8,cluster_4,0.28,3
80,39,David Ferrer,$3.860,David Ferrer,May 5 2014,ATP World Tour Masters 1000 Madrid,R16,John Isner,FALSE,5,cluster_2,-0.09,1
58,30,Kei Nishikori,$1.131,Rafael Nadal,May 5 2014,ATP World Tour Masters 1000 Madrid,F,Rafael Nadal,FALSE,7,cluster_2,0,3
58,27,Tomas Berdych,$1.165,Rafael Nadal,May 5 2014,ATP World Tour Masters 1000 Madrid,Q,Rafael Nadal,FALSE,11,cluster_0,0.3,2
70,30,Kei Nishikori,$2.834,Kei Nishikori,May 5 2014,ATP World Tour Masters 1000 Madrid,R16,Milos Raonic,FALSE,15,cluster_0,0.32,6
60,20,Jeremy Chardy,$1.340,Milos Raonic,May 5 2014,ATP World Tour Masters 1000 Madrid,R32,Milos Raonic,FALSE,19,cluster_4,0.93,7
67,41,Fernando Verdasco,$3.151,Fernando Verdasco,May 5 2014,ATP World Tour Masters 1000 Madrid,R64,Andreas Seppi,FALSE,3,cluster_0,-0.07,1
58,32,Andreas Seppi,$1.429,Fernando Verdasco,May 5 2014,ATP World Tour Masters 1000 Madrid,R64,Fernando Verdasco,FALSE,3,cluster_2,0.12,1
72,26,Jo-Wilfried Tsonga,$3.323,Jo-Wilfried Tsonga,May 12 2014,ATP World Tour Masters 1000 Rome,R32,Kevin Anderson,FALSE,2,cluster_3,0,0
70,40,Grigor Dimitrov,$1.661,Grigor Dimitrov,May 12 2014,ATP World Tour Masters 1000 Rome,R16,Tomas Berdych,FALSE,2,cluster_4,0,0
69,38,Milos Raonic,$3.555,Milos Raonic,May 12 2014,ATP World Tour Masters 1000 Rome,Q,Jeremy Chardy,FALSE,2,cluster_3,0,0
62,34,Roger Federer,$7.670,Jeremy Chardy,May 12 2014,ATP World Tour Masters 1000 Rome,R32,Jeremy Chardy,FALSE,4,cluster_3,-0.07,1
50,20,Tommy Haas,$1.467,Grigor Dimitrov,May 12 2014,ATP World Tour Masters 1000 Rome,Q,Grigor Dimitrov,FALSE,2,cluster_2,0,0
59,29,Tomas Berdych,$2.409,Grigor Dimitrov,May 12 2014,ATP World Tour Masters 1000 Rome,R16,Grigor Dimitrov,FALSE,3,cluster_4,0,0
51,34,Rafael Nadal,$2.236,Novak Djokovic,May 12 2014,ATP World Tour Masters 1000 Rome,F,Novak Djokovic,FALSE,2,cluster_1,0.17,1
65,30,Milos Raonic,$1.160,Novak Djokovic,May 12 2014,ATP World Tour Masters 1000 Rome,S,Novak Djokovic,FALSE,3,cluster_4,0,0
59,37,David Ferrer,$1.370,Novak Djokovic,May 12 2014,ATP World Tour Masters 1000 Rome,Q,Novak Djokovic,FALSE,4,cluster_4,0.05,1
65,37,Jeremy Chardy,$1.128,Jeremy Chardy,May 12 2014,ATP World Tour Masters 1000 Rome,R32,Roger Federer,FALSE,6,cluster_2,0.09,2
62,40,Novak Djokovic,$3.486,Novak Djokovic,May 12 2014,ATP World Tour Masters 1000 Rome,Q,David Ferrer,FALSE,2,cluster_1,0,0
46,31,Ernests Gulbis,$1.387,David Ferrer,May 12 2014,ATP World Tour Masters 1000 Rome,R16,David Ferrer,FALSE,3,cluster_0,0.18,1
79,50,Grigor Dimitrov,$2.980,Grigor Dimitrov,May 12 2014,ATP World Tour Masters 1000 Rome,Q,Tommy Haas,FALSE,2,cluster_1,0,0
54,29,Stan Wawrinka,$5.821,Tommy Haas,May 12 2014,ATP World Tour Masters 1000 Rome,R16,Tommy Haas,FALSE,3,cluster_3,0,0
56,36,Andreas Seppi,$2.004,Tommy Haas,May 12 2014,ATP World Tour Masters 1000 Rome,R64,Tommy Haas,FALSE,5,cluster_2,0,0
65,48,Novak Djokovic,$1.755,Novak Djokovic,May 12 2014,ATP World Tour Masters 1000 Rome,F,Rafael Nadal,FALSE,2,cluster_3,0,0
45,32,Grigor Dimitrov,$1.248,Rafael Nadal,May 12 2014,ATP World Tour Masters 1000 Rome,S,Rafael Nadal,FALSE,3,cluster_4,0.37,1
51,37,Mikhail Youzhny,$1.076,Rafael Nadal,May 12 2014,ATP World Tour Masters 1000 Rome,R16,Rafael Nadal,FALSE,5,cluster_1,0,0
69,41,Rafael Nadal,$7.533,Rafael Nadal,May 12 2014,ATP World Tour Masters 1000 Madrid,F,Kei Nishikori,FALSE,2,cluster_1,-0.14,1
67,37,David Ferrer,$2.538,Kei Nishikori,May 12 2014,ATP World Tour Masters 1000 Madrid,S,Kei Nishikori,FALSE,3,cluster_0,0,0
69,29,Milos Raonic,$1.506,Kei Nishikori,May 12 2014,ATP World Tour Masters 1000 Madrid,R16,Kei Nishikori,FALSE,5,cluster_0,-0.04,1
69,34,Novak Djokovic,$6.453,Novak Djokovic,May 12 2014,ATP World Tour Masters 1000 Rome,S,Milos Raonic,FALSE,9,cluster_0,0.17,3
61,30,Jeremy Chardy,$1.359,Milos Raonic,May 12 2014,ATP World Tour Masters 1000 Rome,Q,Milos Raonic,FALSE,10,cluster_0,0.32,5
73,28,Jo-Wilfried Tsonga,$1.967,Milos Raonic,May 12 2014,ATP World Tour Masters 1000 Rome,R16,Milos Raonic,FALSE,13,cluster_1,0.36,3
64,43,Tommy Haas,$1.930,Tommy Haas,May 12 2014,ATP World Tour Masters 1000 Rome,R64,Andreas Seppi,FALSE,2,cluster_0,0,0
71,26,Milos Raonic,$1.967,Milos Raonic,May 12 2014,ATP World Tour Masters 1000 Rome,R16,Jo-Wilfried Tsonga,FALSE,10,cluster_1,0.08,5
73,27,Kevin Anderson,$1.397,Jo-Wilfried Tsonga,May 12 2014,ATP World Tour Masters 1000 Rome,R32,Jo-Wilfried Tsonga,FALSE,12,cluster_1,0.11,6
70,45,Tommy Haas,$1.183,Tommy Haas,May 12 2014,ATP World Tour Masters 1000 Rome,R16,Stan Wawrinka,FALSE,2,cluster_3,0,0
62,48,Rafael Nadal,$11.442,Rafael Nadal,May 12 2014,ATP World Tour Masters 1000 Rome,R16,Mikhail Youzhny,FALSE,2,cluster_2,0,0
